This is pdfTeX, Version 3.141592653-2.6-1.40.28 (TeX Live 2025) (preloaded format=pdflatex 2025.10.31)  20 JAN 2026 23:23
entering extended mode
 restricted \write18 enabled.
 file:line:error style messages enabled.
 %&-line parsing enabled.
**/home/ton/Desktop/taist/thesis/thesis_siit_template_250213.tex
(/home/ton/Desktop/taist/thesis/thesis_siit_template_250213.tex
LaTeX2e <2025-06-01> patch level 1
L3 programming layer <2025-10-24>
(/usr/local/texlive/2025/texmf-dist/tex/latex/base/book.cls
Document Class: book 2025/01/22 v1.4n Standard LaTeX document class
(/usr/local/texlive/2025/texmf-dist/tex/latex/base/bk12.clo
File: bk12.clo 2025/01/22 v1.4n Standard LaTeX file (size option)
)
\c@part=\count275
\c@chapter=\count276
\c@section=\count277
\c@subsection=\count278
\c@subsubsection=\count279
\c@paragraph=\count280
\c@subparagraph=\count281
\c@figure=\count282
\c@table=\count283
\abovecaptionskip=\skip49
\belowcaptionskip=\skip50
\bibindent=\dimen148
)

LaTeX Warning: \include should only be used after \begin{document} on input line 40.

(./thesis_packages.tex (./siitthesis.sty
Package: siitthesis 2014/05/12, v0.1, Steve Gordon, SIIT Thesis Style. 2022/06/08, v0.2, Somsak Kittipiyakul, updated to new SIIT requirements and Biblatex. 2025/02/13, v0.3, Itthisek Nilkhamhang, updated Director name, minor formatting changes.
 (/usr/local/texlive/2025/texmf-dist/tex/latex/setspace/setspace.sty
Package: setspace 2022/12/04 v6.7b set line spacing
) (/usr/local/texlive/2025/texmf-dist/tex/latex/psnfss/mathptmx.sty
Package: mathptmx 2020/03/25 PSNFSS-v9.3 Times w/ Math, improved (SPQR, WaS) 
LaTeX Font Info:    Redeclaring symbol font `operators' on input line 28.
LaTeX Font Info:    Overwriting symbol font `operators' in version `normal'
(Font)                  OT1/cmr/m/n --> OT1/ztmcm/m/n on input line 28.
LaTeX Font Info:    Overwriting symbol font `operators' in version `bold'
(Font)                  OT1/cmr/bx/n --> OT1/ztmcm/m/n on input line 28.
LaTeX Font Info:    Redeclaring symbol font `letters' on input line 29.
LaTeX Font Info:    Overwriting symbol font `letters' in version `normal'
(Font)                  OML/cmm/m/it --> OML/ztmcm/m/it on input line 29.
LaTeX Font Info:    Overwriting symbol font `letters' in version `bold'
(Font)                  OML/cmm/b/it --> OML/ztmcm/m/it on input line 29.
LaTeX Font Info:    Redeclaring symbol font `symbols' on input line 30.
LaTeX Font Info:    Overwriting symbol font `symbols' in version `normal'
(Font)                  OMS/cmsy/m/n --> OMS/ztmcm/m/n on input line 30.
LaTeX Font Info:    Overwriting symbol font `symbols' in version `bold'
(Font)                  OMS/cmsy/b/n --> OMS/ztmcm/m/n on input line 30.
LaTeX Font Info:    Redeclaring symbol font `largesymbols' on input line 31.
LaTeX Font Info:    Overwriting symbol font `largesymbols' in version `normal'
(Font)                  OMX/cmex/m/n --> OMX/ztmcm/m/n on input line 31.
LaTeX Font Info:    Overwriting symbol font `largesymbols' in version `bold'
(Font)                  OMX/cmex/m/n --> OMX/ztmcm/m/n on input line 31.
\symbold=\mathgroup4
\symitalic=\mathgroup5
LaTeX Font Info:    Redeclaring math alphabet \mathbf on input line 34.
LaTeX Font Info:    Overwriting math alphabet `\mathbf' in version `normal'
(Font)                  OT1/cmr/bx/n --> OT1/ptm/bx/n on input line 34.
LaTeX Font Info:    Overwriting math alphabet `\mathbf' in version `bold'
(Font)                  OT1/cmr/bx/n --> OT1/ptm/bx/n on input line 34.
LaTeX Font Info:    Redeclaring math alphabet \mathit on input line 35.
LaTeX Font Info:    Overwriting math alphabet `\mathit' in version `normal'
(Font)                  OT1/cmr/m/it --> OT1/ptm/m/it on input line 35.
LaTeX Font Info:    Overwriting math alphabet `\mathit' in version `bold'
(Font)                  OT1/cmr/bx/it --> OT1/ptm/m/it on input line 35.
LaTeX Info: Redefining \hbar on input line 50.
) (/usr/local/texlive/2025/texmf-dist/tex/latex/listings/listings.sty (/usr/local/texlive/2025/texmf-dist/tex/latex/graphics/keyval.sty
Package: keyval 2022/05/29 v1.15 key=value parser (DPC)
\KV@toks@=\toks17
)
\lst@mode=\count284
\lst@gtempboxa=\box53
\lst@token=\toks18
\lst@length=\count285
\lst@currlwidth=\dimen149
\lst@column=\count286
\lst@pos=\count287
\lst@lostspace=\dimen150
\lst@width=\dimen151
\lst@newlines=\count288
\lst@lineno=\count289
\lst@maxwidth=\dimen152
 (/usr/local/texlive/2025/texmf-dist/tex/latex/listings/lstpatch.sty
File: lstpatch.sty 2024/09/23 1.10c (Carsten Heinz)
) (/usr/local/texlive/2025/texmf-dist/tex/latex/listings/lstmisc.sty
File: lstmisc.sty 2024/09/23 1.10c (Carsten Heinz)
\c@lstnumber=\count290
\lst@skipnumbers=\count291
\lst@framebox=\box54
) (/usr/local/texlive/2025/texmf-dist/tex/latex/listings/listings.cfg
File: listings.cfg 2024/09/23 1.10c listings configuration
))
Package: listings 2024/09/23 1.10c (Carsten Heinz)
) (/usr/local/texlive/2025/texmf-dist/tex/latex/hyperref/hyperref.sty
Package: hyperref 2025-07-12 v7.01o Hypertext links for LaTeX
 (/usr/local/texlive/2025/texmf-dist/tex/generic/iftex/iftex.sty
Package: iftex 2024/12/12 v1.0g TeX engine tests
) (/usr/local/texlive/2025/texmf-dist/tex/latex/kvsetkeys/kvsetkeys.sty
Package: kvsetkeys 2022-10-05 v1.19 Key value parser (HO)
) (/usr/local/texlive/2025/texmf-dist/tex/generic/kvdefinekeys/kvdefinekeys.sty
Package: kvdefinekeys 2019-12-19 v1.6 Define keys (HO)
) (/usr/local/texlive/2025/texmf-dist/tex/generic/pdfescape/pdfescape.sty
Package: pdfescape 2019/12/09 v1.15 Implements pdfTeX's escape features (HO)
 (/usr/local/texlive/2025/texmf-dist/tex/generic/ltxcmds/ltxcmds.sty
Package: ltxcmds 2023-12-04 v1.26 LaTeX kernel commands for general use (HO)
) (/usr/local/texlive/2025/texmf-dist/tex/generic/pdftexcmds/pdftexcmds.sty
Package: pdftexcmds 2020-06-27 v0.33 Utility functions of pdfTeX for LuaTeX (HO)
 (/usr/local/texlive/2025/texmf-dist/tex/generic/infwarerr/infwarerr.sty
Package: infwarerr 2019/12/03 v1.5 Providing info/warning/error messages (HO)
)
Package pdftexcmds Info: \pdf@primitive is available.
Package pdftexcmds Info: \pdf@ifprimitive is available.
Package pdftexcmds Info: \pdfdraftmode found.
)) (/usr/local/texlive/2025/texmf-dist/tex/latex/hycolor/hycolor.sty
Package: hycolor 2020-01-27 v1.10 Color options for hyperref/bookmark (HO)
) (/usr/local/texlive/2025/texmf-dist/tex/latex/hyperref/nameref.sty
Package: nameref 2025-06-21 v2.57 Cross-referencing by name of section
 (/usr/local/texlive/2025/texmf-dist/tex/latex/refcount/refcount.sty
Package: refcount 2019/12/15 v3.6 Data extraction from label references (HO)
) (/usr/local/texlive/2025/texmf-dist/tex/generic/gettitlestring/gettitlestring.sty
Package: gettitlestring 2019/12/15 v1.6 Cleanup title references (HO)
 (/usr/local/texlive/2025/texmf-dist/tex/latex/kvoptions/kvoptions.sty
Package: kvoptions 2022-06-15 v3.15 Key value format for package options (HO)
))
\c@section@level=\count292
) (/usr/local/texlive/2025/texmf-dist/tex/latex/etoolbox/etoolbox.sty
Package: etoolbox 2025/10/02 v2.5m e-TeX tools for LaTeX (JAW)
\etb@tempcnta=\count293
) (/usr/local/texlive/2025/texmf-dist/tex/generic/stringenc/stringenc.sty
Package: stringenc 2019/11/29 v1.12 Convert strings between diff. encodings (HO)
)
\@linkdim=\dimen153
\Hy@linkcounter=\count294
\Hy@pagecounter=\count295
 (/usr/local/texlive/2025/texmf-dist/tex/latex/hyperref/pd1enc.def
File: pd1enc.def 2025-07-12 v7.01o Hyperref: PDFDocEncoding definition (HO)
Now handling font encoding PD1 ...
... no UTF-8 mapping file for font encoding PD1
) (/usr/local/texlive/2025/texmf-dist/tex/generic/intcalc/intcalc.sty
Package: intcalc 2019/12/15 v1.3 Expandable calculations with integers (HO)
)
\Hy@SavedSpaceFactor=\count296
 (/usr/local/texlive/2025/texmf-dist/tex/latex/hyperref/puenc.def
File: puenc.def 2025-07-12 v7.01o Hyperref: PDF Unicode definition (HO)
Now handling font encoding PU ...
... no UTF-8 mapping file for font encoding PU
)
Package hyperref Info: Hyper figures OFF on input line 4195.
Package hyperref Info: Link nesting OFF on input line 4200.
Package hyperref Info: Hyper index ON on input line 4203.
Package hyperref Info: Plain pages OFF on input line 4210.
Package hyperref Info: Backreferencing OFF on input line 4215.
Package hyperref Info: Implicit mode ON; LaTeX internals redefined.
Package hyperref Info: Bookmarks ON on input line 4462.
\c@Hy@tempcnt=\count297
 (/usr/local/texlive/2025/texmf-dist/tex/latex/url/url.sty
\Urlmuskip=\muskip17
Package: url 2013/09/16  ver 3.4  Verb mode for urls, etc.
)
LaTeX Info: Redefining \url on input line 4801.
\XeTeXLinkMargin=\dimen154
 (/usr/local/texlive/2025/texmf-dist/tex/generic/bitset/bitset.sty
Package: bitset 2019/12/09 v1.3 Handle bit-vector datatype (HO)
 (/usr/local/texlive/2025/texmf-dist/tex/generic/bigintcalc/bigintcalc.sty
Package: bigintcalc 2019/12/15 v1.5 Expandable calculations on big integers (HO)
))
\Fld@menulength=\count298
\Field@Width=\dimen155
\Fld@charsize=\dimen156
Package hyperref Info: Hyper figures OFF on input line 6078.
Package hyperref Info: Link nesting OFF on input line 6083.
Package hyperref Info: Hyper index ON on input line 6086.
Package hyperref Info: backreferencing OFF on input line 6093.
Package hyperref Info: Link coloring OFF on input line 6098.
Package hyperref Info: Link coloring with OCG OFF on input line 6103.
Package hyperref Info: PDF/A mode OFF on input line 6108.
\Hy@abspage=\count299
\c@Item=\count300
\c@Hfootnote=\count301
)
Package hyperref Info: Driver (autodetected): hpdftex.
 (/usr/local/texlive/2025/texmf-dist/tex/latex/hyperref/hpdftex.def
File: hpdftex.def 2025-07-12 v7.01o Hyperref driver for pdfTeX
\Fld@listcount=\count302
\c@bookmark@seq@number=\count303
 (/usr/local/texlive/2025/texmf-dist/tex/latex/rerunfilecheck/rerunfilecheck.sty
Package: rerunfilecheck 2025-06-21 v1.11 Rerun checks for auxiliary files (HO)
 (/usr/local/texlive/2025/texmf-dist/tex/generic/uniquecounter/uniquecounter.sty
Package: uniquecounter 2019/12/15 v1.4 Provide unlimited unique counter (HO)
)
Package uniquecounter Info: New unique counter `rerunfilecheck' on input line 284.
)
\Hy@SectionHShift=\skip51
) (/usr/local/texlive/2025/texmf-dist/tex/latex/xurl/xurl.sty
Package: xurl 2022/01/09 v 0.10 modify URL breaks
) (/usr/local/texlive/2025/texmf-dist/tex/latex/amsmath/amsmath.sty
Package: amsmath 2025/06/16 v2.17y AMS math features
\@mathmargin=\skip52

For additional information on amsmath, use the `?' option.
(/usr/local/texlive/2025/texmf-dist/tex/latex/amsmath/amstext.sty
Package: amstext 2024/11/17 v2.01 AMS text
 (/usr/local/texlive/2025/texmf-dist/tex/latex/amsmath/amsgen.sty
File: amsgen.sty 1999/11/30 v2.0 generic functions
\@emptytoks=\toks19
\ex@=\dimen157
)) (/usr/local/texlive/2025/texmf-dist/tex/latex/amsmath/amsbsy.sty
Package: amsbsy 1999/11/29 v1.2d Bold Symbols
\pmbraise@=\dimen158
) (/usr/local/texlive/2025/texmf-dist/tex/latex/amsmath/amsopn.sty
Package: amsopn 2022/04/08 v2.04 operator names
)
\inf@bad=\count304
LaTeX Info: Redefining \frac on input line 233.
\uproot@=\count305
\leftroot@=\count306
LaTeX Info: Redefining \overline on input line 398.
LaTeX Info: Redefining \colon on input line 409.
\classnum@=\count307
\DOTSCASE@=\count308
LaTeX Info: Redefining \ldots on input line 495.
LaTeX Info: Redefining \dots on input line 498.
LaTeX Info: Redefining \cdots on input line 619.
\Mathstrutbox@=\box55
\strutbox@=\box56
LaTeX Info: Redefining \big on input line 721.
LaTeX Info: Redefining \Big on input line 722.
LaTeX Info: Redefining \bigg on input line 723.
LaTeX Info: Redefining \Bigg on input line 724.
\big@size=\dimen159
LaTeX Font Info:    Redeclaring font encoding OML on input line 742.
LaTeX Font Info:    Redeclaring font encoding OMS on input line 743.
\macc@depth=\count309
LaTeX Info: Redefining \bmod on input line 904.
LaTeX Info: Redefining \pmod on input line 909.
LaTeX Info: Redefining \smash on input line 939.
LaTeX Info: Redefining \relbar on input line 969.
LaTeX Info: Redefining \Relbar on input line 970.
\c@MaxMatrixCols=\count310
\dotsspace@=\muskip18
\c@parentequation=\count311
\dspbrk@lvl=\count312
\tag@help=\toks20
\row@=\count313
\column@=\count314
\maxfields@=\count315
\andhelp@=\toks21
\eqnshift@=\dimen160
\alignsep@=\dimen161
\tagshift@=\dimen162
\tagwidth@=\dimen163
\totwidth@=\dimen164
\lineht@=\dimen165
\@envbody=\toks22
\multlinegap=\skip53
\multlinetaggap=\skip54
\mathdisplay@stack=\toks23
LaTeX Info: Redefining \[ on input line 2949.
LaTeX Info: Redefining \] on input line 2950.
) (/usr/local/texlive/2025/texmf-dist/tex/latex/amscls/amsthm.sty
Package: amsthm 2020/05/29 v2.20.6
\thm@style=\toks24
\thm@bodyfont=\toks25
\thm@headfont=\toks26
\thm@notefont=\toks27
\thm@headpunct=\toks28
\thm@preskip=\skip55
\thm@postskip=\skip56
\thm@headsep=\skip57
\dth@everypar=\toks29
) (/usr/local/texlive/2025/texmf-dist/tex/latex/txfonts/txfonts.sty
Package: txfonts 2008/01/22 v3.2.1
LaTeX Font Info:    Redeclaring symbol font `operators' on input line 21.
LaTeX Font Info:    Overwriting symbol font `operators' in version `normal'
(Font)                  OT1/ztmcm/m/n --> OT1/txr/m/n on input line 21.
LaTeX Font Info:    Overwriting symbol font `operators' in version `bold'
(Font)                  OT1/ztmcm/m/n --> OT1/txr/m/n on input line 21.
LaTeX Font Info:    Overwriting symbol font `operators' in version `bold'
(Font)                  OT1/txr/m/n --> OT1/txr/bx/n on input line 22.
LaTeX Font Info:    Redeclaring symbol font `italic' on input line 25.
LaTeX Font Info:    Overwriting symbol font `italic' in version `normal'
(Font)                  OT1/ptm/m/it --> OT1/txr/m/it on input line 25.
LaTeX Font Info:    Overwriting symbol font `italic' in version `bold'
(Font)                  OT1/ptm/m/it --> OT1/txr/m/it on input line 25.
LaTeX Font Info:    Overwriting symbol font `italic' in version `bold'
(Font)                  OT1/txr/m/it --> OT1/txr/bx/it on input line 26.
LaTeX Font Info:    Redeclaring math alphabet \mathbf on input line 29.
LaTeX Font Info:    Overwriting math alphabet `\mathbf' in version `normal'
(Font)                  OT1/ptm/bx/n --> OT1/txr/bx/n on input line 29.
LaTeX Font Info:    Overwriting math alphabet `\mathbf' in version `bold'
(Font)                  OT1/ptm/bx/n --> OT1/txr/bx/n on input line 29.
LaTeX Font Info:    Redeclaring math alphabet \mathit on input line 30.
LaTeX Font Info:    Overwriting math alphabet `\mathit' in version `normal'
(Font)                  OT1/ptm/m/it --> OT1/txr/m/it on input line 30.
LaTeX Font Info:    Overwriting math alphabet `\mathit' in version `bold'
(Font)                  OT1/ptm/m/it --> OT1/txr/m/it on input line 30.
LaTeX Font Info:    Overwriting math alphabet `\mathit' in version `bold'
(Font)                  OT1/txr/m/it --> OT1/txr/bx/it on input line 31.
LaTeX Font Info:    Redeclaring math alphabet \mathsf on input line 40.
LaTeX Font Info:    Overwriting math alphabet `\mathsf' in version `normal'
(Font)                  OT1/cmss/m/n --> OT1/txss/m/n on input line 40.
LaTeX Font Info:    Overwriting math alphabet `\mathsf' in version `bold'
(Font)                  OT1/cmss/bx/n --> OT1/txss/m/n on input line 40.
LaTeX Font Info:    Overwriting math alphabet `\mathsf' in version `bold'
(Font)                  OT1/txss/m/n --> OT1/txss/b/n on input line 41.
LaTeX Font Info:    Redeclaring math alphabet \mathtt on input line 50.
LaTeX Font Info:    Overwriting math alphabet `\mathtt' in version `normal'
(Font)                  OT1/cmtt/m/n --> OT1/txtt/m/n on input line 50.
LaTeX Font Info:    Overwriting math alphabet `\mathtt' in version `bold'
(Font)                  OT1/cmtt/m/n --> OT1/txtt/m/n on input line 50.
LaTeX Font Info:    Overwriting math alphabet `\mathtt' in version `bold'
(Font)                  OT1/txtt/m/n --> OT1/txtt/b/n on input line 51.
LaTeX Font Info:    Redeclaring symbol font `letters' on input line 58.
LaTeX Font Info:    Overwriting symbol font `letters' in version `normal'
(Font)                  OML/ztmcm/m/it --> OML/txmi/m/it on input line 58.
LaTeX Font Info:    Overwriting symbol font `letters' in version `bold'
(Font)                  OML/ztmcm/m/it --> OML/txmi/m/it on input line 58.
LaTeX Font Info:    Overwriting symbol font `letters' in version `bold'
(Font)                  OML/txmi/m/it --> OML/txmi/bx/it on input line 59.
\symlettersA=\mathgroup6
LaTeX Font Info:    Overwriting symbol font `lettersA' in version `bold'
(Font)                  U/txmia/m/it --> U/txmia/bx/it on input line 67.
LaTeX Font Info:    Redeclaring symbol font `symbols' on input line 77.
LaTeX Font Info:    Overwriting symbol font `symbols' in version `normal'
(Font)                  OMS/ztmcm/m/n --> OMS/txsy/m/n on input line 77.
LaTeX Font Info:    Overwriting symbol font `symbols' in version `bold'
(Font)                  OMS/ztmcm/m/n --> OMS/txsy/m/n on input line 77.
LaTeX Font Info:    Overwriting symbol font `symbols' in version `bold'
(Font)                  OMS/txsy/m/n --> OMS/txsy/bx/n on input line 78.
\symAMSa=\mathgroup7
LaTeX Font Info:    Overwriting symbol font `AMSa' in version `bold'
(Font)                  U/txsya/m/n --> U/txsya/bx/n on input line 94.
\symAMSb=\mathgroup8
LaTeX Font Info:    Overwriting symbol font `AMSb' in version `bold'
(Font)                  U/txsyb/m/n --> U/txsyb/bx/n on input line 103.
\symsymbolsC=\mathgroup9
LaTeX Font Info:    Overwriting symbol font `symbolsC' in version `bold'
(Font)                  U/txsyc/m/n --> U/txsyc/bx/n on input line 113.
LaTeX Font Info:    Redeclaring symbol font `largesymbols' on input line 120.
LaTeX Font Info:    Overwriting symbol font `largesymbols' in version `normal'
(Font)                  OMX/ztmcm/m/n --> OMX/txex/m/n on input line 120.
LaTeX Font Info:    Overwriting symbol font `largesymbols' in version `bold'
(Font)                  OMX/ztmcm/m/n --> OMX/txex/m/n on input line 120.
LaTeX Font Info:    Overwriting symbol font `largesymbols' in version `bold'
(Font)                  OMX/txex/m/n --> OMX/txex/bx/n on input line 121.
\symlargesymbolsA=\mathgroup10
LaTeX Font Info:    Overwriting symbol font `largesymbolsA' in version `bold'
(Font)                  U/txexa/m/n --> U/txexa/bx/n on input line 129.
LaTeX Encoding Info:    Redeclaring text symbol \L (encoding OT1) on input line 160.
LaTeX Encoding Info:    Redeclaring text symbol \l (encoding OT1) on input line 161.
LaTeX Font Info:    Redeclaring math symbol \mathsterling on input line 164.
LaTeX Info: Redefining \not on input line 1043.
LaTeX Info: Redefining \textsquare on input line 1063.
LaTeX Info: Redefining \openbox on input line 1064.
) (/usr/local/texlive/2025/texmf-dist/tex/latex/base/latexsym.sty
Package: latexsym 1998/08/17 v2.2e Standard LaTeX package (lasy symbols)
\symlasy=\mathgroup11
LaTeX Font Info:    Overwriting symbol font `lasy' in version `bold'
(Font)                  U/lasy/m/n --> U/lasy/b/n on input line 52.
) (/usr/local/texlive/2025/texmf-dist/tex/latex/amsfonts/amssymb.sty
Package: amssymb 2013/01/14 v3.01 AMS font symbols
 (/usr/local/texlive/2025/texmf-dist/tex/latex/amsfonts/amsfonts.sty
Package: amsfonts 2013/01/14 v3.01 Basic AMSFonts support
LaTeX Font Info:    Redeclaring symbol font `AMSa' on input line 59.
LaTeX Font Info:    Overwriting symbol font `AMSa' in version `normal'
(Font)                  U/txsya/m/n --> U/msa/m/n on input line 59.
LaTeX Font Info:    Overwriting symbol font `AMSa' in version `bold'
(Font)                  U/txsya/bx/n --> U/msa/m/n on input line 59.
LaTeX Font Info:    Redeclaring symbol font `AMSb' on input line 60.
LaTeX Font Info:    Overwriting symbol font `AMSb' in version `normal'
(Font)                  U/txsyb/m/n --> U/msb/m/n on input line 60.
LaTeX Font Info:    Overwriting symbol font `AMSb' in version `bold'
(Font)                  U/txsyb/bx/n --> U/msb/m/n on input line 60.
LaTeX Font Info:    Redeclaring math delimiter \ulcorner on input line 74.
LaTeX Font Info:    Redeclaring math delimiter \urcorner on input line 75.
LaTeX Font Info:    Redeclaring math delimiter \llcorner on input line 76.
LaTeX Font Info:    Redeclaring math delimiter \lrcorner on input line 77.
LaTeX Font Info:    Redeclaring math symbol \square on input line 141.
LaTeX Font Info:    Redeclaring math symbol \lozenge on input line 142.
)
LaTeX Font Info:    Redeclaring math symbol \boxdot on input line 44.
LaTeX Font Info:    Redeclaring math symbol \boxplus on input line 45.
LaTeX Font Info:    Redeclaring math symbol \boxtimes on input line 46.
LaTeX Font Info:    Redeclaring math symbol \blacksquare on input line 48.
LaTeX Font Info:    Redeclaring math symbol \centerdot on input line 49.
LaTeX Font Info:    Redeclaring math symbol \blacklozenge on input line 51.
LaTeX Font Info:    Redeclaring math symbol \circlearrowright on input line 52.
LaTeX Font Info:    Redeclaring math symbol \circlearrowleft on input line 53.
LaTeX Font Info:    Redeclaring math symbol \leftrightharpoons on input line 56.
LaTeX Font Info:    Redeclaring math symbol \boxminus on input line 57.
LaTeX Font Info:    Redeclaring math symbol \Vdash on input line 58.
LaTeX Font Info:    Redeclaring math symbol \Vvdash on input line 59.
LaTeX Font Info:    Redeclaring math symbol \vDash on input line 60.
LaTeX Font Info:    Redeclaring math symbol \twoheadrightarrow on input line 61.
LaTeX Font Info:    Redeclaring math symbol \twoheadleftarrow on input line 62.
LaTeX Font Info:    Redeclaring math symbol \leftleftarrows on input line 63.
LaTeX Font Info:    Redeclaring math symbol \rightrightarrows on input line 64.
LaTeX Font Info:    Redeclaring math symbol \upuparrows on input line 65.
LaTeX Font Info:    Redeclaring math symbol \downdownarrows on input line 66.
LaTeX Font Info:    Redeclaring math symbol \upharpoonright on input line 67.
LaTeX Font Info:    Redeclaring math symbol \downharpoonright on input line 69.
LaTeX Font Info:    Redeclaring math symbol \upharpoonleft on input line 70.
LaTeX Font Info:    Redeclaring math symbol \downharpoonleft on input line 71.
LaTeX Font Info:    Redeclaring math symbol \rightarrowtail on input line 72.
LaTeX Font Info:    Redeclaring math symbol \leftarrowtail on input line 73.
LaTeX Font Info:    Redeclaring math symbol \leftrightarrows on input line 74.
LaTeX Font Info:    Redeclaring math symbol \rightleftarrows on input line 75.
LaTeX Font Info:    Redeclaring math symbol \Lsh on input line 76.
LaTeX Font Info:    Redeclaring math symbol \Rsh on input line 77.
LaTeX Font Info:    Redeclaring math symbol \leftrightsquigarrow on input line 79.
LaTeX Font Info:    Redeclaring math symbol \looparrowleft on input line 80.
LaTeX Font Info:    Redeclaring math symbol \looparrowright on input line 81.
LaTeX Font Info:    Redeclaring math symbol \circeq on input line 82.
LaTeX Font Info:    Redeclaring math symbol \succsim on input line 83.
LaTeX Font Info:    Redeclaring math symbol \gtrsim on input line 84.
LaTeX Font Info:    Redeclaring math symbol \gtrapprox on input line 85.
LaTeX Font Info:    Redeclaring math symbol \multimap on input line 86.
LaTeX Font Info:    Redeclaring math symbol \therefore on input line 87.
LaTeX Font Info:    Redeclaring math symbol \because on input line 88.
LaTeX Font Info:    Redeclaring math symbol \doteqdot on input line 89.
LaTeX Font Info:    Redeclaring math symbol \triangleq on input line 91.
LaTeX Font Info:    Redeclaring math symbol \precsim on input line 92.
LaTeX Font Info:    Redeclaring math symbol \lesssim on input line 93.
LaTeX Font Info:    Redeclaring math symbol \lessapprox on input line 94.
LaTeX Font Info:    Redeclaring math symbol \eqslantless on input line 95.
LaTeX Font Info:    Redeclaring math symbol \eqslantgtr on input line 96.
LaTeX Font Info:    Redeclaring math symbol \curlyeqprec on input line 97.
LaTeX Font Info:    Redeclaring math symbol \curlyeqsucc on input line 98.
LaTeX Font Info:    Redeclaring math symbol \preccurlyeq on input line 99.
LaTeX Font Info:    Redeclaring math symbol \leqq on input line 100.
LaTeX Font Info:    Redeclaring math symbol \leqslant on input line 101.
LaTeX Font Info:    Redeclaring math symbol \lessgtr on input line 102.
LaTeX Font Info:    Redeclaring math symbol \backprime on input line 103.
LaTeX Font Info:    Redeclaring math symbol \risingdotseq on input line 104.
LaTeX Font Info:    Redeclaring math symbol \fallingdotseq on input line 105.
LaTeX Font Info:    Redeclaring math symbol \succcurlyeq on input line 106.
LaTeX Font Info:    Redeclaring math symbol \geqq on input line 107.
LaTeX Font Info:    Redeclaring math symbol \geqslant on input line 108.
LaTeX Font Info:    Redeclaring math symbol \gtrless on input line 109.
LaTeX Font Info:    Redeclaring math symbol \bigstar on input line 117.
LaTeX Font Info:    Redeclaring math symbol \between on input line 118.
LaTeX Font Info:    Redeclaring math symbol \blacktriangledown on input line 119.
LaTeX Font Info:    Redeclaring math symbol \blacktriangleright on input line 120.
LaTeX Font Info:    Redeclaring math symbol \blacktriangleleft on input line 121.
LaTeX Font Info:    Redeclaring math symbol \vartriangle on input line 122.
LaTeX Font Info:    Redeclaring math symbol \blacktriangle on input line 123.
LaTeX Font Info:    Redeclaring math symbol \triangledown on input line 124.
LaTeX Font Info:    Redeclaring math symbol \eqcirc on input line 125.
LaTeX Font Info:    Redeclaring math symbol \lesseqgtr on input line 126.
LaTeX Font Info:    Redeclaring math symbol \gtreqless on input line 127.
LaTeX Font Info:    Redeclaring math symbol \lesseqqgtr on input line 128.
LaTeX Font Info:    Redeclaring math symbol \gtreqqless on input line 129.
LaTeX Font Info:    Redeclaring math symbol \Rrightarrow on input line 130.
LaTeX Font Info:    Redeclaring math symbol \Lleftarrow on input line 131.
LaTeX Font Info:    Redeclaring math symbol \veebar on input line 132.
LaTeX Font Info:    Redeclaring math symbol \barwedge on input line 133.
LaTeX Font Info:    Redeclaring math symbol \doublebarwedge on input line 134.
LaTeX Font Info:    Redeclaring math symbol \measuredangle on input line 137.
LaTeX Font Info:    Redeclaring math symbol \sphericalangle on input line 138.
LaTeX Font Info:    Redeclaring math symbol \varpropto on input line 139.
LaTeX Font Info:    Redeclaring math symbol \smallsmile on input line 140.
LaTeX Font Info:    Redeclaring math symbol \smallfrown on input line 141.
LaTeX Font Info:    Redeclaring math symbol \Subset on input line 142.
LaTeX Font Info:    Redeclaring math symbol \Supset on input line 143.
LaTeX Font Info:    Redeclaring math symbol \Cup on input line 144.
LaTeX Font Info:    Redeclaring math symbol \Cap on input line 146.
LaTeX Font Info:    Redeclaring math symbol \curlywedge on input line 148.
LaTeX Font Info:    Redeclaring math symbol \curlyvee on input line 149.
LaTeX Font Info:    Redeclaring math symbol \leftthreetimes on input line 150.
LaTeX Font Info:    Redeclaring math symbol \rightthreetimes on input line 151.
LaTeX Font Info:    Redeclaring math symbol \subseteqq on input line 152.
LaTeX Font Info:    Redeclaring math symbol \supseteqq on input line 153.
LaTeX Font Info:    Redeclaring math symbol \bumpeq on input line 154.
LaTeX Font Info:    Redeclaring math symbol \Bumpeq on input line 155.
LaTeX Font Info:    Redeclaring math symbol \lll on input line 156.
LaTeX Font Info:    Redeclaring math symbol \ggg on input line 158.
LaTeX Font Info:    Redeclaring math symbol \circledS on input line 160.
LaTeX Font Info:    Redeclaring math symbol \pitchfork on input line 161.
LaTeX Font Info:    Redeclaring math symbol \dotplus on input line 162.
LaTeX Font Info:    Redeclaring math symbol \backsim on input line 163.
LaTeX Font Info:    Redeclaring math symbol \backsimeq on input line 164.
LaTeX Font Info:    Redeclaring math symbol \complement on input line 165.
LaTeX Font Info:    Redeclaring math symbol \intercal on input line 166.
LaTeX Font Info:    Redeclaring math symbol \circledcirc on input line 167.
LaTeX Font Info:    Redeclaring math symbol \circledast on input line 168.
LaTeX Font Info:    Redeclaring math symbol \circleddash on input line 169.
LaTeX Font Info:    Redeclaring math symbol \lvertneqq on input line 171.
LaTeX Font Info:    Redeclaring math symbol \gvertneqq on input line 172.
LaTeX Font Info:    Redeclaring math symbol \nleq on input line 173.
LaTeX Font Info:    Redeclaring math symbol \ngeq on input line 174.
LaTeX Font Info:    Redeclaring math symbol \nless on input line 175.
LaTeX Font Info:    Redeclaring math symbol \ngtr on input line 176.
LaTeX Font Info:    Redeclaring math symbol \nprec on input line 177.
LaTeX Font Info:    Redeclaring math symbol \nsucc on input line 178.
LaTeX Font Info:    Redeclaring math symbol \lneqq on input line 179.
LaTeX Font Info:    Redeclaring math symbol \gneqq on input line 180.
LaTeX Font Info:    Redeclaring math symbol \nleqslant on input line 181.
LaTeX Font Info:    Redeclaring math symbol \ngeqslant on input line 182.
LaTeX Font Info:    Redeclaring math symbol \lneq on input line 183.
LaTeX Font Info:    Redeclaring math symbol \gneq on input line 184.
LaTeX Font Info:    Redeclaring math symbol \npreceq on input line 185.
LaTeX Font Info:    Redeclaring math symbol \nsucceq on input line 186.
LaTeX Font Info:    Redeclaring math symbol \precnsim on input line 187.
LaTeX Font Info:    Redeclaring math symbol \succnsim on input line 188.
LaTeX Font Info:    Redeclaring math symbol \lnsim on input line 189.
LaTeX Font Info:    Redeclaring math symbol \gnsim on input line 190.
LaTeX Font Info:    Redeclaring math symbol \nleqq on input line 191.
LaTeX Font Info:    Redeclaring math symbol \ngeqq on input line 192.
LaTeX Font Info:    Redeclaring math symbol \precneqq on input line 193.
LaTeX Font Info:    Redeclaring math symbol \succneqq on input line 194.
LaTeX Font Info:    Redeclaring math symbol \precnapprox on input line 195.
LaTeX Font Info:    Redeclaring math symbol \succnapprox on input line 196.
LaTeX Font Info:    Redeclaring math symbol \lnapprox on input line 197.
LaTeX Font Info:    Redeclaring math symbol \gnapprox on input line 198.
LaTeX Font Info:    Redeclaring math symbol \nsim on input line 199.
LaTeX Font Info:    Redeclaring math symbol \ncong on input line 200.
LaTeX Font Info:    Redeclaring math symbol \diagup on input line 201.
LaTeX Font Info:    Redeclaring math symbol \diagdown on input line 202.
LaTeX Font Info:    Redeclaring math symbol \varsubsetneq on input line 203.
LaTeX Font Info:    Redeclaring math symbol \varsupsetneq on input line 204.
LaTeX Font Info:    Redeclaring math symbol \nsubseteqq on input line 205.
LaTeX Font Info:    Redeclaring math symbol \nsupseteqq on input line 206.
LaTeX Font Info:    Redeclaring math symbol \subsetneqq on input line 207.
LaTeX Font Info:    Redeclaring math symbol \supsetneqq on input line 208.
LaTeX Font Info:    Redeclaring math symbol \varsubsetneqq on input line 209.
LaTeX Font Info:    Redeclaring math symbol \varsupsetneqq on input line 210.
LaTeX Font Info:    Redeclaring math symbol \subsetneq on input line 211.
LaTeX Font Info:    Redeclaring math symbol \supsetneq on input line 212.
LaTeX Font Info:    Redeclaring math symbol \nsubseteq on input line 213.
LaTeX Font Info:    Redeclaring math symbol \nsupseteq on input line 214.
LaTeX Font Info:    Redeclaring math symbol \nparallel on input line 215.
LaTeX Font Info:    Redeclaring math symbol \nmid on input line 216.
LaTeX Font Info:    Redeclaring math symbol \nshortmid on input line 217.
LaTeX Font Info:    Redeclaring math symbol \nshortparallel on input line 218.
LaTeX Font Info:    Redeclaring math symbol \nvdash on input line 219.
LaTeX Font Info:    Redeclaring math symbol \nVdash on input line 220.
LaTeX Font Info:    Redeclaring math symbol \nvDash on input line 221.
LaTeX Font Info:    Redeclaring math symbol \nVDash on input line 222.
LaTeX Font Info:    Redeclaring math symbol \ntrianglerighteq on input line 223.
LaTeX Font Info:    Redeclaring math symbol \ntrianglelefteq on input line 224.
LaTeX Font Info:    Redeclaring math symbol \ntriangleleft on input line 225.
LaTeX Font Info:    Redeclaring math symbol \ntriangleright on input line 226.
LaTeX Font Info:    Redeclaring math symbol \nleftarrow on input line 227.
LaTeX Font Info:    Redeclaring math symbol \nrightarrow on input line 228.
LaTeX Font Info:    Redeclaring math symbol \nLeftarrow on input line 229.
LaTeX Font Info:    Redeclaring math symbol \nRightarrow on input line 230.
LaTeX Font Info:    Redeclaring math symbol \nLeftrightarrow on input line 231.
LaTeX Font Info:    Redeclaring math symbol \nleftrightarrow on input line 232.
LaTeX Font Info:    Redeclaring math symbol \divideontimes on input line 233.
LaTeX Font Info:    Redeclaring math symbol \varnothing on input line 234.
LaTeX Font Info:    Redeclaring math symbol \nexists on input line 235.
LaTeX Font Info:    Redeclaring math symbol \Finv on input line 236.
LaTeX Font Info:    Redeclaring math symbol \Game on input line 237.
LaTeX Font Info:    Redeclaring math symbol \eth on input line 240.
LaTeX Font Info:    Redeclaring math symbol \eqsim on input line 241.
LaTeX Font Info:    Redeclaring math symbol \beth on input line 242.
LaTeX Font Info:    Redeclaring math symbol \gimel on input line 243.
LaTeX Font Info:    Redeclaring math symbol \daleth on input line 244.
LaTeX Font Info:    Redeclaring math symbol \lessdot on input line 245.
LaTeX Font Info:    Redeclaring math symbol \gtrdot on input line 246.
LaTeX Font Info:    Redeclaring math symbol \ltimes on input line 247.
LaTeX Font Info:    Redeclaring math symbol \rtimes on input line 248.
LaTeX Font Info:    Redeclaring math symbol \shortmid on input line 249.
LaTeX Font Info:    Redeclaring math symbol \shortparallel on input line 250.
LaTeX Font Info:    Redeclaring math symbol \smallsetminus on input line 251.
LaTeX Font Info:    Redeclaring math symbol \thicksim on input line 252.
LaTeX Font Info:    Redeclaring math symbol \thickapprox on input line 253.
LaTeX Font Info:    Redeclaring math symbol \approxeq on input line 254.
LaTeX Font Info:    Redeclaring math symbol \succapprox on input line 255.
LaTeX Font Info:    Redeclaring math symbol \precapprox on input line 256.
LaTeX Font Info:    Redeclaring math symbol \curvearrowleft on input line 257.
LaTeX Font Info:    Redeclaring math symbol \curvearrowright on input line 258.
LaTeX Font Info:    Redeclaring math symbol \digamma on input line 259.
LaTeX Font Info:    Redeclaring math symbol \varkappa on input line 260.
LaTeX Font Info:    Redeclaring math symbol \Bbbk on input line 261.
LaTeX Font Info:    Redeclaring math symbol \hslash on input line 262.
LaTeX Font Info:    Redeclaring math symbol \backepsilon on input line 265.
) (/usr/local/texlive/2025/texmf-dist/tex/latex/algorithms/algorithm.sty
Package: algorithm 2009/08/24 v0.1 Document Style `algorithm' - floating environment
 (/usr/local/texlive/2025/texmf-dist/tex/latex/float/float.sty
Package: float 2001/11/08 v1.3d Float enhancements (AL)
\c@float@type=\count316
\float@exts=\toks30
\float@box=\box57
\@float@everytoks=\toks31
\@floatcapt=\box58
) (/usr/local/texlive/2025/texmf-dist/tex/latex/base/ifthen.sty
Package: ifthen 2024/03/16 v1.1e Standard LaTeX ifthen package (DPC)
)
\@float@every@algorithm=\toks32
\c@algorithm=\count317
) (/usr/local/texlive/2025/texmf-dist/tex/latex/algorithmicx/algorithmicx.sty
Package: algorithmicx 2005/04/27 v1.2 Algorithmicx

Document Style algorithmicx 1.2 - a greatly improved `algorithmic' style
\c@ALG@line=\count318
\c@ALG@rem=\count319
\c@ALG@nested=\count320
\ALG@tlm=\skip58
\ALG@thistlm=\skip59
\c@ALG@Lnr=\count321
\c@ALG@blocknr=\count322
\c@ALG@storecount=\count323
\c@ALG@tmpcounter=\count324
\ALG@tmplength=\skip60
) (/usr/local/texlive/2025/texmf-dist/tex/latex/algorithmicx/algpseudocode.sty
Package: algpseudocode 

Document Style - pseudocode environments for use with the `algorithmicx' style
) (/usr/local/texlive/2025/texmf-dist/tex/latex/cases/cases.sty
Package: cases 2020/03/29 ver 3.2
\numc@numwid=\dimen166
) (/usr/local/texlive/2025/texmf-dist/tex/latex/tools/multicol.sty
Package: multicol 2025/05/25 v2.0a multicolumn formatting (FMi)
\c@tracingmulticols=\count325
\mult@box=\box59
\multicol@leftmargin=\dimen167
\c@unbalance=\count326
\c@collectmore=\count327
\doublecol@number=\count328
\multicoltolerance=\count329
\multicolpretolerance=\count330
\full@width=\dimen168
\page@free=\dimen169
\premulticols=\dimen170
\postmulticols=\dimen171
\multicolsep=\skip61
\multicolbaselineskip=\skip62
\partial@page=\box60
\last@line=\box61
\mc@boxedresult=\box62
\maxbalancingoverflow=\dimen172
\mult@rightbox=\box63
\mult@grightbox=\box64
\mult@firstbox=\box65
\mult@gfirstbox=\box66
\@tempa=\box67
\@tempa=\box68
\@tempa=\box69
\@tempa=\box70
\@tempa=\box71
\@tempa=\box72
\@tempa=\box73
\@tempa=\box74
\@tempa=\box75
\@tempa=\box76
\@tempa=\box77
\@tempa=\box78
\@tempa=\box79
\@tempa=\box80
\@tempa=\box81
\@tempa=\box82
\@tempa=\box83
\@tempa=\box84
\@tempa=\box85
\@tempa=\box86
\@tempa=\box87
\@tempa=\box88
\@tempa=\box89
\@tempa=\box90
\@tempa=\box91
\@tempa=\box92
\@tempa=\box93
\@tempa=\box94
\@tempa=\box95
\@tempa=\box96
\@tempa=\box97
\@tempa=\box98
\@tempa=\box99
\@tempa=\box100
\@tempa=\box101
\@tempa=\box102
\c@minrows=\count331
\c@columnbadness=\count332
\c@finalcolumnbadness=\count333
\last@try=\dimen173
\multicolovershoot=\dimen174
\multicolundershoot=\dimen175
\mult@nat@firstbox=\box103
\colbreak@box=\box104
\mc@col@check@num=\count334
\g__mc_curr_col_int=\count335
) (/usr/local/texlive/2025/texmf-dist/tex/latex/multirow/multirow.sty
Package: multirow 2024/11/12 v2.9 Span multiple rows of a table
\multirow@colwidth=\skip63
\multirow@cntb=\count336
\multirow@dima=\skip64
\bigstrutjot=\dimen176
) (/usr/local/texlive/2025/texmf-dist/tex/latex/graphics/color.sty
Package: color 2025/01/14 v1.3e Standard LaTeX Color (DPC)
 (/usr/local/texlive/2025/texmf-dist/tex/latex/graphics-cfg/color.cfg
File: color.cfg 2016/01/02 v1.6 sample color configuration
)
Package color Info: Driver file: pdftex.def on input line 149.
 (/usr/local/texlive/2025/texmf-dist/tex/latex/graphics-def/pdftex.def
File: pdftex.def 2025/09/29 v1.2d Graphics/color driver for pdftex
) (/usr/local/texlive/2025/texmf-dist/tex/latex/graphics/mathcolor.ltx)) (/usr/local/texlive/2025/texmf-dist/tex/latex/caption/subcaption.sty
Package: subcaption 2023/07/28 v1.6b Sub-captions (AR)
 (/usr/local/texlive/2025/texmf-dist/tex/latex/caption/caption.sty
Package: caption 2023/08/05 v3.6o Customizing captions (AR)
 (/usr/local/texlive/2025/texmf-dist/tex/latex/caption/caption3.sty
Package: caption3 2023/07/31 v2.4d caption3 kernel (AR)
\caption@tempdima=\dimen177
\captionmargin=\dimen178
\caption@leftmargin=\dimen179
\caption@rightmargin=\dimen180
\caption@width=\dimen181
\caption@indent=\dimen182
\caption@parindent=\dimen183
\caption@hangindent=\dimen184
Package caption Info: Standard document class detected.
)
\c@caption@flags=\count337
\c@continuedfloat=\count338
Package caption Info: float package is loaded.
Package caption Info: hyperref package is loaded.
Package caption Info: listings package is loaded.
)
Package caption Info: New subtype `subfigure' on input line 238.
\c@subfigure=\count339
Package caption Info: New subtype `subtable' on input line 238.
\c@subtable=\count340
) (/usr/local/texlive/2025/texmf-dist/tex/latex/mathtools/mathtools.sty
Package: mathtools 2024/10/04 v1.31 mathematical typesetting tools
 (/usr/local/texlive/2025/texmf-dist/tex/latex/tools/calc.sty
Package: calc 2025/03/01 v4.3b Infix arithmetic (KKT,FJ)
\calc@Acount=\count341
\calc@Bcount=\count342
\calc@Adimen=\dimen185
\calc@Bdimen=\dimen186
\calc@Askip=\skip65
\calc@Bskip=\skip66
LaTeX Info: Redefining \setlength on input line 86.
LaTeX Info: Redefining \addtolength on input line 87.
\calc@Ccount=\count343
\calc@Cskip=\skip67
) (/usr/local/texlive/2025/texmf-dist/tex/latex/mathtools/mhsetup.sty
Package: mhsetup 2021/03/18 v1.4 programming setup (MH)
)
\g_MT_multlinerow_int=\count344
\l_MT_multwidth_dim=\dimen187
\origjot=\skip68
\l_MT_shortvdotswithinadjustabove_dim=\dimen188
\l_MT_shortvdotswithinadjustbelow_dim=\dimen189
\l_MT_above_intertext_sep=\dimen190
\l_MT_below_intertext_sep=\dimen191
\l_MT_above_shortintertext_sep=\dimen192
\l_MT_below_shortintertext_sep=\dimen193
\xmathstrut@box=\box105
\xmathstrut@dim=\dimen194
) (/usr/local/texlive/2025/texmf-dist/tex/latex/biblatex/biblatex.sty
Package: biblatex 2025/07/10 v3.21 programmable bibliographies (PK/MW)
 (/usr/local/texlive/2025/texmf-dist/tex/latex/logreq/logreq.sty
Package: logreq 2010/08/04 v1.0 xml request logger
\lrq@indent=\count345
 (/usr/local/texlive/2025/texmf-dist/tex/latex/logreq/logreq.def
File: logreq.def 2010/08/04 v1.0 logreq spec v1.0
))
\c@tabx@nest=\count346
\c@listtotal=\count347
\c@listcount=\count348
\c@liststart=\count349
\c@liststop=\count350
\c@citecount=\count351
\c@citetotal=\count352
\c@multicitecount=\count353
\c@multicitetotal=\count354
\c@instcount=\count355
\c@maxnames=\count356
\c@minnames=\count357
\c@maxitems=\count358
\c@minitems=\count359
\c@citecounter=\count360
\c@maxcitecounter=\count361
\c@savedcitecounter=\count362
\c@uniquelist=\count363
\c@uniquename=\count364
\c@refsection=\count365
\c@refsegment=\count366
\c@maxextratitle=\count367
\c@maxextratitleyear=\count368
\c@maxextraname=\count369
\c@maxextradate=\count370
\c@maxextraalpha=\count371
\c@abbrvpenalty=\count372
\c@highnamepenalty=\count373
\c@lownamepenalty=\count374
\c@maxparens=\count375
\c@parenlevel=\count376
\blx@tempcnta=\count377
\blx@tempcntb=\count378
\blx@tempcntc=\count379
\c@blx@maxsection=\count380
\blx@maxsegment@0=\count381
\blx@notetype=\count382
\blx@parenlevel@text=\count383
\blx@parenlevel@foot=\count384
\blx@sectionciteorder@0=\count385
\blx@sectionciteorderinternal@0=\count386
\blx@entrysetcounter=\count387
\blx@biblioinstance=\count388
\labelnumberwidth=\skip69
\labelalphawidth=\skip70
\biblabelsep=\skip71
\bibitemsep=\skip72
\bibnamesep=\skip73
\bibinitsep=\skip74
\bibparsep=\skip75
\bibhang=\skip76
\blx@bcfin=\read2
\blx@bcfout=\write3
\blx@langwohyphens=\language90
\c@mincomprange=\count389
\c@maxcomprange=\count390
\c@mincompwidth=\count391
Package biblatex Info: Trying to load biblatex default data model...
Package biblatex Info: ... file 'blx-dm.def' found.
 (/usr/local/texlive/2025/texmf-dist/tex/latex/biblatex/blx-dm.def
File: blx-dm.def 2025/07/10 v3.21 biblatex datamodel (PK/MW)
)
Package biblatex Info: Trying to load biblatex style data model...
Package biblatex Info: ... file 'apa.dbx' found.
 (/usr/local/texlive/2025/texmf-dist/tex/latex/biblatex-apa/apa.dbx
File: apa.dbx 2025/08/27 v9.20 APA biblatex style data model
)
Package biblatex Info: Trying to load biblatex custom data model...
Package biblatex Info: ... file 'biblatex-dm.cfg' not found.
\c@afterword=\count392
\c@savedafterword=\count393
\c@annotator=\count394
\c@savedannotator=\count395
\c@author=\count396
\c@savedauthor=\count397
\c@bookauthor=\count398
\c@savedbookauthor=\count399
\c@commentator=\count400
\c@savedcommentator=\count401
\c@editor=\count402
\c@savededitor=\count403
\c@editora=\count404
\c@savededitora=\count405
\c@editorb=\count406
\c@savededitorb=\count407
\c@editorc=\count408
\c@savededitorc=\count409
\c@foreword=\count410
\c@savedforeword=\count411
\c@holder=\count412
\c@savedholder=\count413
\c@introduction=\count414
\c@savedintroduction=\count415
\c@namea=\count416
\c@savednamea=\count417
\c@nameb=\count418
\c@savednameb=\count419
\c@namec=\count420
\c@savednamec=\count421
\c@translator=\count422
\c@savedtranslator=\count423
\c@shortauthor=\count424
\c@savedshortauthor=\count425
\c@shorteditor=\count426
\c@savedshorteditor=\count427
\c@narrator=\count428
\c@savednarrator=\count429
\c@execproducer=\count430
\c@savedexecproducer=\count431
\c@execdirector=\count432
\c@savedexecdirector=\count433
\c@with=\count434
\c@savedwith=\count435
\c@labelname=\count436
\c@savedlabelname=\count437
\c@institution=\count438
\c@savedinstitution=\count439
\c@lista=\count440
\c@savedlista=\count441
\c@listb=\count442
\c@savedlistb=\count443
\c@listc=\count444
\c@savedlistc=\count445
\c@listd=\count446
\c@savedlistd=\count447
\c@liste=\count448
\c@savedliste=\count449
\c@listf=\count450
\c@savedlistf=\count451
\c@location=\count452
\c@savedlocation=\count453
\c@organization=\count454
\c@savedorganization=\count455
\c@origlocation=\count456
\c@savedoriglocation=\count457
\c@origpublisher=\count458
\c@savedorigpublisher=\count459
\c@publisher=\count460
\c@savedpublisher=\count461
\c@language=\count462
\c@savedlanguage=\count463
\c@origlanguage=\count464
\c@savedoriglanguage=\count465
\c@citation=\count466
\c@savedcitation=\count467
\c@pageref=\count468
\c@savedpageref=\count469
\shorthandwidth=\skip77
\shortjournalwidth=\skip78
\shortserieswidth=\skip79
\shorttitlewidth=\skip80
\shortauthorwidth=\skip81
\shorteditorwidth=\skip82
\locallabelnumberwidth=\skip83
\locallabelalphawidth=\skip84
\localshorthandwidth=\skip85
\localshortjournalwidth=\skip86
\localshortserieswidth=\skip87
\localshorttitlewidth=\skip88
\localshortauthorwidth=\skip89
\localshorteditorwidth=\skip90
Package biblatex Info: Trying to load compatibility code...
Package biblatex Info: ... file 'blx-compat.def' found.
 (/usr/local/texlive/2025/texmf-dist/tex/latex/biblatex/blx-compat.def
File: blx-compat.def 2025/07/10 v3.21 biblatex compatibility (PK/MW)
)
Package biblatex Info: Trying to load generic definitions...
Package biblatex Info: ... file 'biblatex.def' found.
 (/usr/local/texlive/2025/texmf-dist/tex/latex/biblatex/biblatex.def
File: biblatex.def 2025/07/10 v3.21 biblatex compatibility (PK/MW)
\c@textcitecount=\count470
\c@textcitetotal=\count471
\c@textcitemaxnames=\count472
\c@biburlbigbreakpenalty=\count473
\c@biburlbreakpenalty=\count474
\c@biburlnumpenalty=\count475
\c@biburlucpenalty=\count476
\c@biburllcpenalty=\count477
\biburlbigskip=\muskip19
\biburlnumskip=\muskip20
\biburlucskip=\muskip21
\biburllcskip=\muskip22
\c@smartand=\count478
)
Package biblatex Info: Trying to load bibliography style 'apa'...
Package biblatex Info: ... file 'apa.bbx' found.
 (/usr/local/texlive/2025/texmf-dist/tex/latex/biblatex-apa/apa.bbx
File: apa.bbx 2025/08/27 v9.20 APA biblatex references style
Package biblatex Info: Trying to load bibliography style 'standard'...
Package biblatex Info: ... file 'standard.bbx' found.
 (/usr/local/texlive/2025/texmf-dist/tex/latex/biblatex/bbx/standard.bbx
File: standard.bbx 2025/07/10 v3.21 biblatex bibliography style (PK/MW)
\c@bbx:relatedcount=\count479
\c@bbx:relatedtotal=\count480
)
Package biblatex Info: Delimiter 'nameyeardelim' in context 'bib' already defined, overwriting.
Package biblatex Info: Delimiter 'nameyeardelim' in context 'biblist' already defined, overwriting.
Package biblatex Info: Delimiter 'nonameyeardelim' in context 'bib' already defined, overwriting.
Package biblatex Info: Delimiter 'nonameyeardelim' in context 'biblist' already defined, overwriting.
)
Package biblatex Info: Trying to load citation style 'apa'...
Package biblatex Info: ... file 'apa.cbx' found.
 (/usr/local/texlive/2025/texmf-dist/tex/latex/biblatex-apa/apa.cbx
File: apa.cbx 2025/08/27 v9.20 APA biblatex citation style
Package biblatex Info: Delimiter 'nameyeardelim' in context '' already defined, overwriting.
Package biblatex Info: Delimiter 'andothersdelim' in context '' already defined, overwriting.
Package biblatex Info: Redefining '\fullcite'.
Package biblatex Info: Redefining '\citeauthor'.
Package biblatex Info: Redefining '\citeyear'.
Package biblatex Info: Redefining '\cite'.
Package biblatex Info: Redefining '\cites'.
Package biblatex Info: Redefining '\parencite'.
Package biblatex Info: Redefining '\parencites'.
Package biblatex Info: Redefining '\footcite'.
Package biblatex Info: Redefining '\footcites'.
Package biblatex Info: Redefining '\footcitetext'.
Package biblatex Info: Redefining '\footcitetexts'.
Package biblatex Info: Redefining '\smartcite'.
Package biblatex Info: Redefining '\smartcites'.
Package biblatex Info: Redefining '\textcite'.
Package biblatex Info: Redefining '\textcites'.
)
Package biblatex Info: Trying to load configuration file...
Package biblatex Info: ... file 'biblatex.cfg' found.
 (/usr/local/texlive/2025/texmf-dist/tex/latex/biblatex/biblatex.cfg
File: biblatex.cfg 
)
Package biblatex Info: Input encoding 'utf8' detected.
Package biblatex Info: Document encoding is UTF8 ....
 (/usr/local/texlive/2025/texmf-dist/tex/latex/l3kernel/expl3.sty
Package: expl3 2025-10-24 L3 programming layer (loader) 
 (/usr/local/texlive/2025/texmf-dist/tex/latex/l3backend/l3backend-pdftex.def
File: l3backend-pdftex.def 2025-10-09 L3 backend support: PDF output (pdfTeX)
\l__color_backend_stack_int=\count481
))
Package biblatex Info: ... and expl3
(biblatex)             2025-10-24 L3 programming layer (loader) 
(biblatex)             is new enough (at least 2020/04/06),
(biblatex)             setting 'casechanger=expl3'.
 (/usr/local/texlive/2025/texmf-dist/tex/latex/biblatex/blx-case-expl3.sty (/usr/local/texlive/2025/texmf-dist/tex/latex/l3packages/xparse/xparse.sty
Package: xparse 2025-10-09 L3 Experimental document command parser
)
Package: blx-case-expl3 2025/07/10 v3.21 expl3 case changing code for biblatex
)) (/usr/local/texlive/2025/texmf-dist/tex/latex/tools/tabularx.sty
Package: tabularx 2023/12/11 v2.12a `tabularx' package (DPC)
 (/usr/local/texlive/2025/texmf-dist/tex/latex/tools/array.sty
Package: array 2025/06/08 v2.6j Tabular extension package (FMi)
\col@sep=\dimen195
\ar@mcellbox=\box106
\extrarowheight=\dimen196
\NC@list=\toks33
\extratabsurround=\skip91
\backup@length=\skip92
\ar@cellbox=\box107
)
\TX@col@width=\dimen197
\TX@old@table=\dimen198
\TX@old@col=\dimen199
\TX@target=\dimen256
\TX@delta=\dimen257
\TX@cols=\count482
\TX@ftn=\toks34
) (/usr/local/texlive/2025/texmf-dist/tex/latex/tools/longtable.sty
Package: longtable 2024-12-18 v4.23 Multi-page Table package (DPC)
\LTleft=\skip93
\LTright=\skip94
\LTpre=\skip95
\LTpost=\skip96
\LTchunksize=\count483
\LTcapwidth=\dimen258
\LT@head=\box108
\LT@firsthead=\box109
\LT@foot=\box110
\LT@lastfoot=\box111
\LT@gbox=\box112
\LT@cols=\count484
\LT@rows=\count485
\c@LT@tables=\count486
\c@LT@chunks=\count487
\LT@p@ftn=\toks35
) (/usr/local/texlive/2025/texmf-dist/tex/latex/booktabs/booktabs.sty
Package: booktabs 2020/01/12 v1.61803398 Publication quality tables
\heavyrulewidth=\dimen259
\lightrulewidth=\dimen260
\cmidrulewidth=\dimen261
\belowrulesep=\dimen262
\belowbottomsep=\dimen263
\aboverulesep=\dimen264
\abovetopsep=\dimen265
\cmidrulesep=\dimen266
\cmidrulekern=\dimen267
\defaultaddspace=\dimen268
\@cmidla=\count488
\@cmidlb=\count489
\@aboverulesep=\dimen269
\@belowrulesep=\dimen270
\@thisruleclass=\count490
\@lastruleclass=\count491
\@thisrulewidth=\dimen271
) (/usr/local/texlive/2025/texmf-dist/tex/latex/fancyhdr/fancyhdr.sty
Package: fancyhdr 2025/02/07 v5.2 Extensive control of page headers and footers
\f@nch@headwidth=\skip97
\f@nch@offset@elh=\skip98
\f@nch@offset@erh=\skip99
\f@nch@offset@olh=\skip100
\f@nch@offset@orh=\skip101
\f@nch@offset@elf=\skip102
\f@nch@offset@erf=\skip103
\f@nch@offset@olf=\skip104
\f@nch@offset@orf=\skip105
\f@nch@height=\skip106
\f@nch@footalignment=\skip107
\f@nch@widthL=\skip108
\f@nch@widthC=\skip109
\f@nch@widthR=\skip110
\@temptokenb=\toks36
) (/usr/local/texlive/2025/texmf-dist/tex/latex/titlesec/titlesec.sty
Package: titlesec 2025/01/04 v2.17 Sectioning titles
\ttl@box=\box113
\beforetitleunit=\skip111
\aftertitleunit=\skip112
\ttl@plus=\dimen272
\ttl@minus=\dimen273
\ttl@toksa=\toks37
\titlewidth=\dimen274
\titlewidthlast=\dimen275
\titlewidthfirst=\dimen276
) (/usr/local/texlive/2025/texmf-dist/tex/latex/lipsum/lipsum.sty (/usr/local/texlive/2025/texmf-dist/tex/latex/l3packages/l3keys2e/l3keys2e.sty
Package: l3keys2e 2025-10-09 LaTeX2e option processing using LaTeX3 keys
)
Package: lipsum 2021-09-20 v2.7 150 paragraphs of Lorem Ipsum dummy text
\g__lipsum_par_int=\count492
\l__lipsum_a_int=\count493
\l__lipsum_b_int=\count494
 (/usr/local/texlive/2025/texmf-dist/tex/latex/lipsum/lipsum.ltd.tex)) (/usr/local/texlive/2025/texmf-dist/tex/latex/titlesec/titletoc.sty
Package: titletoc 2025/01/04 v2.17 TOC entries
\ttl@leftsep=\dimen277
) (/usr/local/texlive/2025/texmf-dist/tex/latex/framed/framed.sty
Package: framed 2011/10/22 v 0.96: framed or shaded text with page breaks
\OuterFrameSep=\skip113
\fb@frw=\dimen278
\fb@frh=\dimen279
\FrameRule=\dimen280
\FrameSep=\dimen281
) (/usr/local/texlive/2025/texmf-dist/tex/latex/xcolor/xcolor.sty
Package: xcolor 2024/09/29 v3.02 LaTeX color extensions (UK)
 (/usr/local/texlive/2025/texmf-dist/tex/latex/graphics-cfg/color.cfg
File: color.cfg 2016/01/02 v1.6 sample color configuration
)
Package xcolor Info: Driver file: pdftex.def on input line 274.
LaTeX Info: Redefining \color on input line 762.
 (/usr/local/texlive/2025/texmf-dist/tex/latex/graphics/mathcolor.ltx)
Package xcolor Info: Model `cmy' substituted by `cmy0' on input line 1349.
Package xcolor Info: Model `hsb' substituted by `rgb' on input line 1353.
Package xcolor Info: Model `RGB' extended on input line 1365.
Package xcolor Info: Model `HTML' substituted by `rgb' on input line 1367.
Package xcolor Info: Model `Hsb' substituted by `hsb' on input line 1368.
Package xcolor Info: Model `tHsb' substituted by `hsb' on input line 1369.
Package xcolor Info: Model `HSB' substituted by `hsb' on input line 1370.
Package xcolor Info: Model `Gray' substituted by `gray' on input line 1371.
Package xcolor Info: Model `wave' substituted by `hsb' on input line 1372.
) (/usr/local/texlive/2025/texmf-dist/tex/latex/graphics/rotating.sty
Package: rotating 2025/01/14 v2.16e rotated objects in LaTeX
 (/usr/local/texlive/2025/texmf-dist/tex/latex/graphics/graphicx.sty
Package: graphicx 2024/12/31 v1.2e Enhanced LaTeX Graphics (DPC,SPQR)
 (/usr/local/texlive/2025/texmf-dist/tex/latex/graphics/graphics.sty
Package: graphics 2024/08/06 v1.4g Standard LaTeX Graphics (DPC,SPQR)
 (/usr/local/texlive/2025/texmf-dist/tex/latex/graphics/trig.sty
Package: trig 2023/12/02 v1.11 sin cos tan (DPC)
) (/usr/local/texlive/2025/texmf-dist/tex/latex/graphics-cfg/graphics.cfg
File: graphics.cfg 2016/06/04 v1.11 sample graphics configuration
)
Package graphics Info: Driver file: pdftex.def on input line 106.
)
\Gin@req@height=\dimen282
\Gin@req@width=\dimen283
)
\c@r@tfl@t=\count495
\rotFPtop=\skip114
\rotFPbot=\skip115
\rot@float@box=\box114
\rot@mess@toks=\toks38
) (/usr/local/texlive/2025/texmf-dist/tex/latex/appendix/appendix.sty
Package: appendix 2020/02/08 v1.2c extra appendix facilities
\c@@pps=\count496
\c@@ppsavesec=\count497
\c@@ppsaveapp=\count498
) (/usr/local/texlive/2025/texmf-dist/tex/latex/listings/lstlang1.sty
File: lstlang1.sty 2024/09/23 1.10c listings language file
) (/usr/local/texlive/2025/texmf-dist/tex/latex/listings/lstlang2.sty
File: lstlang2.sty 2024/09/23 1.10c listings language file
) (/usr/local/texlive/2025/texmf-dist/tex/latex/pgfplots/pgfplots.sty (/usr/local/texlive/2025/texmf-dist/tex/generic/pgfplots/pgfplots.revision.tex)
Package: pgfplots 2025/08/14 v1.18.2 Data Visualization (1.18.2)
 (/usr/local/texlive/2025/texmf-dist/tex/latex/pgf/frontendlayer/tikz.sty (/usr/local/texlive/2025/texmf-dist/tex/latex/pgf/basiclayer/pgf.sty (/usr/local/texlive/2025/texmf-dist/tex/latex/pgf/utilities/pgfrcs.sty (/usr/local/texlive/2025/texmf-dist/tex/generic/pgf/utilities/pgfutil-common.tex
\pgfutil@everybye=\toks39
\pgfutil@tempdima=\dimen284
\pgfutil@tempdimb=\dimen285
) (/usr/local/texlive/2025/texmf-dist/tex/generic/pgf/utilities/pgfutil-latex.def
\pgfutil@abb=\box115
) (/usr/local/texlive/2025/texmf-dist/tex/generic/pgf/utilities/pgfrcs.code.tex (/usr/local/texlive/2025/texmf-dist/tex/generic/pgf/pgf.revision.tex)
Package: pgfrcs 2025-08-29 v3.1.11a (3.1.11a)
))
Package: pgf 2025-08-29 v3.1.11a (3.1.11a)
 (/usr/local/texlive/2025/texmf-dist/tex/latex/pgf/basiclayer/pgfcore.sty (/usr/local/texlive/2025/texmf-dist/tex/latex/pgf/systemlayer/pgfsys.sty (/usr/local/texlive/2025/texmf-dist/tex/generic/pgf/systemlayer/pgfsys.code.tex
Package: pgfsys 2025-08-29 v3.1.11a (3.1.11a)
 (/usr/local/texlive/2025/texmf-dist/tex/generic/pgf/utilities/pgfkeys.code.tex
\pgfkeys@pathtoks=\toks40
\pgfkeys@temptoks=\toks41
 (/usr/local/texlive/2025/texmf-dist/tex/generic/pgf/utilities/pgfkeyslibraryfiltered.code.tex
\pgfkeys@tmptoks=\toks42
))
\pgf@x=\dimen286
\pgf@y=\dimen287
\pgf@xa=\dimen288
\pgf@ya=\dimen289
\pgf@xb=\dimen290
\pgf@yb=\dimen291
\pgf@xc=\dimen292
\pgf@yc=\dimen293
\pgf@xd=\dimen294
\pgf@yd=\dimen295
\w@pgf@writea=\write4
\r@pgf@reada=\read3
\c@pgf@counta=\count499
\c@pgf@countb=\count500
\c@pgf@countc=\count501
\c@pgf@countd=\count502
\t@pgf@toka=\toks43
\t@pgf@tokb=\toks44
\t@pgf@tokc=\toks45
\pgf@sys@id@count=\count503
 (/usr/local/texlive/2025/texmf-dist/tex/generic/pgf/systemlayer/pgf.cfg
File: pgf.cfg 2025-08-29 v3.1.11a (3.1.11a)
)
Driver file for pgf: pgfsys-pdftex.def
 (/usr/local/texlive/2025/texmf-dist/tex/generic/pgf/systemlayer/pgfsys-pdftex.def
File: pgfsys-pdftex.def 2025-08-29 v3.1.11a (3.1.11a)
 (/usr/local/texlive/2025/texmf-dist/tex/generic/pgf/systemlayer/pgfsys-common-pdf.def
File: pgfsys-common-pdf.def 2025-08-29 v3.1.11a (3.1.11a)
))) (/usr/local/texlive/2025/texmf-dist/tex/generic/pgf/systemlayer/pgfsyssoftpath.code.tex
File: pgfsyssoftpath.code.tex 2025-08-29 v3.1.11a (3.1.11a)
\pgfsyssoftpath@smallbuffer@items=\count504
\pgfsyssoftpath@bigbuffer@items=\count505
) (/usr/local/texlive/2025/texmf-dist/tex/generic/pgf/systemlayer/pgfsysprotocol.code.tex
File: pgfsysprotocol.code.tex 2025-08-29 v3.1.11a (3.1.11a)
)) (/usr/local/texlive/2025/texmf-dist/tex/generic/pgf/basiclayer/pgfcore.code.tex
Package: pgfcore 2025-08-29 v3.1.11a (3.1.11a)
 (/usr/local/texlive/2025/texmf-dist/tex/generic/pgf/math/pgfmath.code.tex (/usr/local/texlive/2025/texmf-dist/tex/generic/pgf/math/pgfmathutil.code.tex) (/usr/local/texlive/2025/texmf-dist/tex/generic/pgf/math/pgfmathparser.code.tex
\pgfmath@dimen=\dimen296
\pgfmath@count=\count506
\pgfmath@box=\box116
\pgfmath@toks=\toks46
\pgfmath@stack@operand=\toks47
\pgfmath@stack@operation=\toks48
) (/usr/local/texlive/2025/texmf-dist/tex/generic/pgf/math/pgfmathfunctions.code.tex) (/usr/local/texlive/2025/texmf-dist/tex/generic/pgf/math/pgfmathfunctions.basic.code.tex) (/usr/local/texlive/2025/texmf-dist/tex/generic/pgf/math/pgfmathfunctions.trigonometric.code.tex) (/usr/local/texlive/2025/texmf-dist/tex/generic/pgf/math/pgfmathfunctions.random.code.tex) (/usr/local/texlive/2025/texmf-dist/tex/generic/pgf/math/pgfmathfunctions.comparison.code.tex) (/usr/local/texlive/2025/texmf-dist/tex/generic/pgf/math/pgfmathfunctions.base.code.tex) (/usr/local/texlive/2025/texmf-dist/tex/generic/pgf/math/pgfmathfunctions.round.code.tex) (/usr/local/texlive/2025/texmf-dist/tex/generic/pgf/math/pgfmathfunctions.misc.code.tex) (/usr/local/texlive/2025/texmf-dist/tex/generic/pgf/math/pgfmathfunctions.integerarithmetics.code.tex) (/usr/local/texlive/2025/texmf-dist/tex/generic/pgf/math/pgfmathcalc.code.tex) (/usr/local/texlive/2025/texmf-dist/tex/generic/pgf/math/pgfmathfloat.code.tex
\c@pgfmathroundto@lastzeros=\count507
)) (/usr/local/texlive/2025/texmf-dist/tex/generic/pgf/math/pgfint.code.tex) (/usr/local/texlive/2025/texmf-dist/tex/generic/pgf/basiclayer/pgfcorepoints.code.tex
File: pgfcorepoints.code.tex 2025-08-29 v3.1.11a (3.1.11a)
\pgf@picminx=\dimen297
\pgf@picmaxx=\dimen298
\pgf@picminy=\dimen299
\pgf@picmaxy=\dimen300
\pgf@pathminx=\dimen301
\pgf@pathmaxx=\dimen302
\pgf@pathminy=\dimen303
\pgf@pathmaxy=\dimen304
\pgf@xx=\dimen305
\pgf@xy=\dimen306
\pgf@yx=\dimen307
\pgf@yy=\dimen308
\pgf@zx=\dimen309
\pgf@zy=\dimen310
) (/usr/local/texlive/2025/texmf-dist/tex/generic/pgf/basiclayer/pgfcorepathconstruct.code.tex
File: pgfcorepathconstruct.code.tex 2025-08-29 v3.1.11a (3.1.11a)
\pgf@path@lastx=\dimen311
\pgf@path@lasty=\dimen312
) (/usr/local/texlive/2025/texmf-dist/tex/generic/pgf/basiclayer/pgfcorepathusage.code.tex
File: pgfcorepathusage.code.tex 2025-08-29 v3.1.11a (3.1.11a)
\pgf@shorten@end@additional=\dimen313
\pgf@shorten@start@additional=\dimen314
) (/usr/local/texlive/2025/texmf-dist/tex/generic/pgf/basiclayer/pgfcorescopes.code.tex
File: pgfcorescopes.code.tex 2025-08-29 v3.1.11a (3.1.11a)
\pgfpic=\box117
\pgf@hbox=\box118
\pgf@layerbox@main=\box119
\pgf@picture@serial@count=\count508
) (/usr/local/texlive/2025/texmf-dist/tex/generic/pgf/basiclayer/pgfcoregraphicstate.code.tex
File: pgfcoregraphicstate.code.tex 2025-08-29 v3.1.11a (3.1.11a)
\pgflinewidth=\dimen315
) (/usr/local/texlive/2025/texmf-dist/tex/generic/pgf/basiclayer/pgfcoretransformations.code.tex
File: pgfcoretransformations.code.tex 2025-08-29 v3.1.11a (3.1.11a)
\pgf@pt@x=\dimen316
\pgf@pt@y=\dimen317
\pgf@pt@temp=\dimen318
) (/usr/local/texlive/2025/texmf-dist/tex/generic/pgf/basiclayer/pgfcorequick.code.tex
File: pgfcorequick.code.tex 2025-08-29 v3.1.11a (3.1.11a)
) (/usr/local/texlive/2025/texmf-dist/tex/generic/pgf/basiclayer/pgfcoreobjects.code.tex
File: pgfcoreobjects.code.tex 2025-08-29 v3.1.11a (3.1.11a)
) (/usr/local/texlive/2025/texmf-dist/tex/generic/pgf/basiclayer/pgfcorepathprocessing.code.tex
File: pgfcorepathprocessing.code.tex 2025-08-29 v3.1.11a (3.1.11a)
) (/usr/local/texlive/2025/texmf-dist/tex/generic/pgf/basiclayer/pgfcorearrows.code.tex
File: pgfcorearrows.code.tex 2025-08-29 v3.1.11a (3.1.11a)
\pgfarrowsep=\dimen319
) (/usr/local/texlive/2025/texmf-dist/tex/generic/pgf/basiclayer/pgfcoreshade.code.tex
File: pgfcoreshade.code.tex 2025-08-29 v3.1.11a (3.1.11a)
\pgf@max=\dimen320
\pgf@sys@shading@range@num=\count509
\pgf@shadingcount=\count510
) (/usr/local/texlive/2025/texmf-dist/tex/generic/pgf/basiclayer/pgfcoreimage.code.tex
File: pgfcoreimage.code.tex 2025-08-29 v3.1.11a (3.1.11a)
) (/usr/local/texlive/2025/texmf-dist/tex/generic/pgf/basiclayer/pgfcoreexternal.code.tex
File: pgfcoreexternal.code.tex 2025-08-29 v3.1.11a (3.1.11a)
\pgfexternal@startupbox=\box120
) (/usr/local/texlive/2025/texmf-dist/tex/generic/pgf/basiclayer/pgfcorelayers.code.tex
File: pgfcorelayers.code.tex 2025-08-29 v3.1.11a (3.1.11a)
) (/usr/local/texlive/2025/texmf-dist/tex/generic/pgf/basiclayer/pgfcoretransparency.code.tex
File: pgfcoretransparency.code.tex 2025-08-29 v3.1.11a (3.1.11a)
) (/usr/local/texlive/2025/texmf-dist/tex/generic/pgf/basiclayer/pgfcorepatterns.code.tex
File: pgfcorepatterns.code.tex 2025-08-29 v3.1.11a (3.1.11a)
) (/usr/local/texlive/2025/texmf-dist/tex/generic/pgf/basiclayer/pgfcorerdf.code.tex
File: pgfcorerdf.code.tex 2025-08-29 v3.1.11a (3.1.11a)
))) (/usr/local/texlive/2025/texmf-dist/tex/generic/pgf/modules/pgfmoduleshapes.code.tex
File: pgfmoduleshapes.code.tex 2025-08-29 v3.1.11a (3.1.11a)
\pgfnodeparttextbox=\box121
) (/usr/local/texlive/2025/texmf-dist/tex/generic/pgf/modules/pgfmoduleplot.code.tex
File: pgfmoduleplot.code.tex 2025-08-29 v3.1.11a (3.1.11a)
) (/usr/local/texlive/2025/texmf-dist/tex/latex/pgf/compatibility/pgfcomp-version-0-65.sty
Package: pgfcomp-version-0-65 2025-08-29 v3.1.11a (3.1.11a)
\pgf@nodesepstart=\dimen321
\pgf@nodesepend=\dimen322
) (/usr/local/texlive/2025/texmf-dist/tex/latex/pgf/compatibility/pgfcomp-version-1-18.sty
Package: pgfcomp-version-1-18 2025-08-29 v3.1.11a (3.1.11a)
)) (/usr/local/texlive/2025/texmf-dist/tex/latex/pgf/utilities/pgffor.sty (/usr/local/texlive/2025/texmf-dist/tex/latex/pgf/utilities/pgfkeys.sty (/usr/local/texlive/2025/texmf-dist/tex/generic/pgf/utilities/pgfkeys.code.tex)) (/usr/local/texlive/2025/texmf-dist/tex/latex/pgf/math/pgfmath.sty (/usr/local/texlive/2025/texmf-dist/tex/generic/pgf/math/pgfmath.code.tex)) (/usr/local/texlive/2025/texmf-dist/tex/generic/pgf/utilities/pgffor.code.tex
Package: pgffor 2025-08-29 v3.1.11a (3.1.11a)
\pgffor@iter=\dimen323
\pgffor@skip=\dimen324
\pgffor@stack=\toks49
\pgffor@toks=\toks50
)) (/usr/local/texlive/2025/texmf-dist/tex/generic/pgf/frontendlayer/tikz/tikz.code.tex
Package: tikz 2025-08-29 v3.1.11a (3.1.11a)
 (/usr/local/texlive/2025/texmf-dist/tex/generic/pgf/libraries/pgflibraryplothandlers.code.tex
File: pgflibraryplothandlers.code.tex 2025-08-29 v3.1.11a (3.1.11a)
\pgf@plot@mark@count=\count511
\pgfplotmarksize=\dimen325
)
\tikz@lastx=\dimen326
\tikz@lasty=\dimen327
\tikz@lastxsaved=\dimen328
\tikz@lastysaved=\dimen329
\tikz@lastmovetox=\dimen330
\tikz@lastmovetoy=\dimen331
\tikzleveldistance=\dimen332
\tikzsiblingdistance=\dimen333
\tikz@figbox=\box122
\tikz@figbox@bg=\box123
\tikz@tempbox=\box124
\tikz@tempbox@bg=\box125
\tikztreelevel=\count512
\tikznumberofchildren=\count513
\tikznumberofcurrentchild=\count514
\tikz@fig@count=\count515
 (/usr/local/texlive/2025/texmf-dist/tex/generic/pgf/modules/pgfmodulematrix.code.tex
File: pgfmodulematrix.code.tex 2025-08-29 v3.1.11a (3.1.11a)
\pgfmatrixcurrentrow=\count516
\pgfmatrixcurrentcolumn=\count517
\pgf@matrix@numberofcolumns=\count518
)
\tikz@expandcount=\count519
 (/usr/local/texlive/2025/texmf-dist/tex/generic/pgf/frontendlayer/tikz/libraries/tikzlibrarytopaths.code.tex
File: tikzlibrarytopaths.code.tex 2025-08-29 v3.1.11a (3.1.11a)
))) (/usr/local/texlive/2025/texmf-dist/tex/generic/pgfplots/pgfplots.code.tex (/usr/local/texlive/2025/texmf-dist/tex/generic/pgfplots/pgfplotscore.code.tex
\t@pgfplots@toka=\toks51
\t@pgfplots@tokb=\toks52
\t@pgfplots@tokc=\toks53
\pgfplots@tmpa=\dimen334
\c@pgfplots@coordindex=\count520
\c@pgfplots@scanlineindex=\count521
 (/usr/local/texlive/2025/texmf-dist/tex/generic/pgfplots/sys/pgfplotssysgeneric.code.tex)) (/usr/local/texlive/2025/texmf-dist/tex/generic/pgfplots/libs/pgfplotslibrary.code.tex) (/usr/local/texlive/2025/texmf-dist/tex/generic/pgfplots/oldpgfcompatib/pgfplotsoldpgfsupp_loader.code.tex (/usr/local/texlive/2025/texmf-dist/tex/generic/pgf/libraries/pgflibraryfpu.code.tex) (/usr/local/texlive/2025/texmf-dist/tex/generic/pgfplots/oldpgfcompatib/pgfplotsoldpgfsupp_pgfutil-common-lists.tex)) (/usr/local/texlive/2025/texmf-dist/tex/generic/pgfplots/util/pgfplotsutil.code.tex (/usr/local/texlive/2025/texmf-dist/tex/generic/pgfplots/liststructure/pgfplotsliststructure.code.tex) (/usr/local/texlive/2025/texmf-dist/tex/generic/pgfplots/liststructure/pgfplotsliststructureext.code.tex)
(/usr/local/texlive/2025/texmf-dist/tex/generic/pgfplots/liststructure/pgfplotsarray.code.tex
\c@pgfplotsarray@tmp=\count522
) (/usr/local/texlive/2025/texmf-dist/tex/generic/pgfplots/liststructure/pgfplotsmatrix.code.tex) (/usr/local/texlive/2025/texmf-dist/tex/generic/pgfplots/numtable/pgfplotstableshared.code.tex
\c@pgfplotstable@counta=\count523
\t@pgfplotstable@a=\toks54
) (/usr/local/texlive/2025/texmf-dist/tex/generic/pgfplots/liststructure/pgfplotsdeque.code.tex) (/usr/local/texlive/2025/texmf-dist/tex/generic/pgfplots/util/pgfplotsbinary.code.tex (/usr/local/texlive/2025/texmf-dist/tex/generic/pgfplots/util/pgfplotsbinary.data.code.tex)) (/usr/local/texlive/2025/texmf-dist/tex/generic/pgfplots/util/pgfplotsutil.verb.code.tex) (/usr/local/texlive/2025/texmf-dist/tex/generic/pgfplots/libs/pgflibrarypgfplots.surfshading.code.tex
\c@pgfplotslibrarysurf@no=\count524
 (/usr/local/texlive/2025/texmf-dist/tex/generic/pgfplots/sys/pgflibrarypgfplots.surfshading.pgfsys-pdftex.def))) (/usr/local/texlive/2025/texmf-dist/tex/generic/pgfplots/util/pgfplotscolormap.code.tex (/usr/local/texlive/2025/texmf-dist/tex/generic/pgfplots/util/pgfplotscolor.code.tex)) (/usr/local/texlive/2025/texmf-dist/tex/generic/pgfplots/pgfplotsstackedplots.code.tex) (/usr/local/texlive/2025/texmf-dist/tex/generic/pgfplots/pgfplotsplothandlers.code.tex (/usr/local/texlive/2025/texmf-dist/tex/generic/pgfplots/pgfplotsmeshplothandler.code.tex (/usr/local/texlive/2025/texmf-dist/tex/generic/pgfplots/pgfplotsmeshplotimage.code.tex))) (/usr/local/texlive/2025/texmf-dist/tex/generic/pgfplots/pgfplots.scaling.code.tex) (/usr/local/texlive/2025/texmf-dist/tex/generic/pgfplots/pgfplotscoordprocessing.code.tex) (/usr/local/texlive/2025/texmf-dist/tex/generic/pgfplots/pgfplots.errorbars.code.tex) (/usr/local/texlive/2025/texmf-dist/tex/generic/pgfplots/pgfplots.markers.code.tex) (/usr/local/texlive/2025/texmf-dist/tex/generic/pgfplots/pgfplotsticks.code.tex) (/usr/local/texlive/2025/texmf-dist/tex/generic/pgfplots/pgfplots.paths.code.tex) (/usr/local/texlive/2025/texmf-dist/tex/generic/pgf/frontendlayer/tikz/libraries/tikzlibrarydecorations.code.tex (/usr/local/texlive/2025/texmf-dist/tex/generic/pgf/modules/pgfmoduledecorations.code.tex
\pgfdecoratedcompleteddistance=\dimen335
\pgfdecoratedremainingdistance=\dimen336
\pgfdecoratedinputsegmentcompleteddistance=\dimen337
\pgfdecoratedinputsegmentremainingdistance=\dimen338
\pgf@decorate@distancetomove=\dimen339
\pgf@decorate@repeatstate=\count525
\pgfdecorationsegmentamplitude=\dimen340
\pgfdecorationsegmentlength=\dimen341
)
\tikz@lib@dec@box=\box126
) (/usr/local/texlive/2025/texmf-dist/tex/generic/pgf/frontendlayer/tikz/libraries/tikzlibrarydecorations.pathmorphing.code.tex (/usr/local/texlive/2025/texmf-dist/tex/generic/pgf/libraries/decorations/pgflibrarydecorations.pathmorphing.code.tex)) (/usr/local/texlive/2025/texmf-dist/tex/generic/pgf/frontendlayer/tikz/libraries/tikzlibrarydecorations.pathreplacing.code.tex (/usr/local/texlive/2025/texmf-dist/tex/generic/pgf/libraries/decorations/pgflibrarydecorations.pathreplacing.code.tex)) (/usr/local/texlive/2025/texmf-dist/tex/generic/pgfplots/libs/tikzlibrarypgfplots.contourlua.code.tex)
\pgfplots@numplots=\count526
\pgfplots@xmin@reg=\dimen342
\pgfplots@xmax@reg=\dimen343
\pgfplots@ymin@reg=\dimen344
\pgfplots@ymax@reg=\dimen345
\pgfplots@zmin@reg=\dimen346
\pgfplots@zmax@reg=\dimen347
) (/usr/local/texlive/2025/texmf-dist/tex/generic/pgf/frontendlayer/tikz/libraries/tikzlibraryplotmarks.code.tex
File: tikzlibraryplotmarks.code.tex 2025-08-29 v3.1.11a (3.1.11a)
 (/usr/local/texlive/2025/texmf-dist/tex/generic/pgf/libraries/pgflibraryplotmarks.code.tex
File: pgflibraryplotmarks.code.tex 2025-08-29 v3.1.11a (3.1.11a)
))) (/usr/local/texlive/2025/texmf-dist/tex/generic/pgfplots/libs/tikzlibrarypgfplots.units.code.tex) (/usr/local/texlive/2025/texmf-dist/tex/generic/pgf/frontendlayer/tikz/libraries/tikzlibraryspy.code.tex
File: tikzlibraryspy.code.tex 2025-08-29 v3.1.11a (3.1.11a)
\tikz@lib@spybox=\box127
) (/usr/local/texlive/2025/texmf-dist/tex/generic/pgf/frontendlayer/tikz/libraries/tikzlibrarybackgrounds.code.tex
File: tikzlibrarybackgrounds.code.tex 2025-08-29 v3.1.11a (3.1.11a)
\pgf@layerbox@background=\box128
\pgf@layerboxsaved@background=\box129
) (/usr/local/texlive/2025/texmf-dist/tex/latex/pgfplots/pgfplotstable.sty (/usr/local/texlive/2025/texmf-dist/tex/generic/pgfplots/pgfplots.revision.tex)
Package: pgfplotstable 2025/08/14 v1.18.2 Table typesetting and Pretty-printing (1.18.2)
 (/usr/local/texlive/2025/texmf-dist/tex/generic/pgfplots/numtable/pgfplotstable.code.tex (/usr/local/texlive/2025/texmf-dist/tex/generic/pgfplots/numtable/pgfplotstable.coltype.code.tex))) (/usr/local/texlive/2025/texmf-dist/tex/latex/base/textcomp.sty
Package: textcomp 2024/04/24 v2.1b Standard LaTeX package
) (/usr/local/texlive/2025/texmf-dist/tex/generic/pgf/frontendlayer/tikz/libraries/tikzlibraryshapes.geometric.code.tex
File: tikzlibraryshapes.geometric.code.tex 2025-08-29 v3.1.11a (3.1.11a)
 (/usr/local/texlive/2025/texmf-dist/tex/generic/pgf/libraries/shapes/pgflibraryshapes.geometric.code.tex
File: pgflibraryshapes.geometric.code.tex 2025-08-29 v3.1.11a (3.1.11a)
)) (/usr/local/texlive/2025/texmf-dist/tex/generic/pgf/frontendlayer/tikz/libraries/tikzlibraryarrows.code.tex
File: tikzlibraryarrows.code.tex 2025-08-29 v3.1.11a (3.1.11a)
 (/usr/local/texlive/2025/texmf-dist/tex/generic/pgf/libraries/pgflibraryarrows.code.tex
File: pgflibraryarrows.code.tex 2025-08-29 v3.1.11a (3.1.11a)
\arrowsize=\dimen348
)) (/usr/local/texlive/2025/texmf-dist/tex/generic/pgf/frontendlayer/tikz/libraries/tikzlibraryshapes.misc.code.tex
File: tikzlibraryshapes.misc.code.tex 2025-08-29 v3.1.11a (3.1.11a)
 (/usr/local/texlive/2025/texmf-dist/tex/generic/pgf/libraries/shapes/pgflibraryshapes.misc.code.tex
File: pgflibraryshapes.misc.code.tex 2025-08-29 v3.1.11a (3.1.11a)
)) (/usr/local/texlive/2025/texmf-dist/tex/latex/enumitem/enumitem.sty
Package: enumitem 2025/02/06 v3.11 Customized lists
\labelindent=\skip116
\enit@outerparindent=\dimen349
\enit@toks=\toks55
\enit@inbox=\box130
\enit@count@id=\count527
\enitdp@description=\count528
))

LaTeX Warning: \include should only be used after \begin{document} on input line 50.

(./thesis_macros.tex
\c@theorem=\count529
\c@proposition=\count530
\c@corollary=\count531
\c@lemma=\count532
\c@definition=\count533
\c@defn=\count534
\c@thm=\count535
\c@fact=\count536
\c@lem=\count537
\c@prop=\count538
\c@cor=\count539
\c@note=\count540
\c@claim=\count541
\c@step=\count542
\c@ex=\count543
\c@assumption=\count544
\c@approximation=\count545
\c@property=\count546
\c@obs=\count547
\c@exer=\count548
)
\@quotelevel=\count549
\@quotereset=\count550
LaTeX Font Info:    Trying to load font information for OT1+txr on input line 98.
 (/usr/local/texlive/2025/texmf-dist/tex/latex/txfonts/ot1txr.fd
File: ot1txr.fd 2000/12/15 v3.1
) (./thesis_siit_template_250213.aux (./chapter_01.aux) (./chapter_02.aux) (./chapter_03.aux) (./chapter_04.aux) (./chapter_05.aux))
\openout1 = `thesis_siit_template_250213.aux'.

LaTeX Font Info:    Checking defaults for OML/txmi/m/it on input line 98.
LaTeX Font Info:    Trying to load font information for OML+txmi on input line 98.
 (/usr/local/texlive/2025/texmf-dist/tex/latex/txfonts/omltxmi.fd
File: omltxmi.fd 2000/12/15 v3.1
)
LaTeX Font Info:    ... okay on input line 98.
LaTeX Font Info:    Checking defaults for OMS/txsy/m/n on input line 98.
LaTeX Font Info:    Trying to load font information for OMS+txsy on input line 98.
 (/usr/local/texlive/2025/texmf-dist/tex/latex/txfonts/omstxsy.fd
File: omstxsy.fd 2000/12/15 v3.1
)
LaTeX Font Info:    ... okay on input line 98.
LaTeX Font Info:    Checking defaults for OT1/cmr/m/n on input line 98.
LaTeX Font Info:    ... okay on input line 98.
LaTeX Font Info:    Checking defaults for T1/cmr/m/n on input line 98.
LaTeX Font Info:    ... okay on input line 98.
LaTeX Font Info:    Checking defaults for TS1/cmr/m/n on input line 98.
LaTeX Font Info:    ... okay on input line 98.
LaTeX Font Info:    Checking defaults for OMX/txex/m/n on input line 98.
LaTeX Font Info:    Trying to load font information for OMX+txex on input line 98.
 (/usr/local/texlive/2025/texmf-dist/tex/latex/txfonts/omxtxex.fd
File: omxtxex.fd 2000/12/15 v3.1
)
LaTeX Font Info:    ... okay on input line 98.
LaTeX Font Info:    Checking defaults for U/txexa/m/n on input line 98.
LaTeX Font Info:    Trying to load font information for U+txexa on input line 98.
 (/usr/local/texlive/2025/texmf-dist/tex/latex/txfonts/utxexa.fd
File: utxexa.fd 2000/12/15 v3.1
)
LaTeX Font Info:    ... okay on input line 98.
LaTeX Font Info:    Checking defaults for PD1/pdf/m/n on input line 98.
LaTeX Font Info:    ... okay on input line 98.
LaTeX Font Info:    Checking defaults for PU/pdf/m/n on input line 98.
LaTeX Font Info:    ... okay on input line 98.
\c@lstlisting=\count551
Package hyperref Info: Link coloring OFF on input line 98.
 (./thesis_siit_template_250213.out) (./thesis_siit_template_250213.out)
\@outlinefile=\write5
\openout5 = `thesis_siit_template_250213.out'.

 (/usr/local/texlive/2025/texmf-dist/tex/context/base/mkii/supp-pdf.mkii
[Loading MPS to PDF converter (version 2006.09.02).]
\scratchcounter=\count552
\scratchdimen=\dimen350
\scratchbox=\box131
\nofMPsegments=\count553
\nofMParguments=\count554
\everyMPshowfont=\toks56
\MPscratchCnt=\count555
\MPscratchDim=\dimen351
\MPnumerator=\count556
\makeMPintoPDFobject=\count557
\everyMPtoPDFconversion=\toks57
) (/usr/local/texlive/2025/texmf-dist/tex/latex/epstopdf-pkg/epstopdf-base.sty
Package: epstopdf-base 2020-01-24 v2.11 Base part for package epstopdf
Package epstopdf-base Info: Redefining graphics rule for `.eps' on input line 485.
 (/usr/local/texlive/2025/texmf-dist/tex/latex/latexconfig/epstopdf-sys.cfg
File: epstopdf-sys.cfg 2010/07/13 v1.3 Configuration of (r)epstopdf for TeX Live
))
Package caption Info: Begin \AtBeginDocument code.
Package caption Info: longtable package is loaded.
 (/usr/local/texlive/2025/texmf-dist/tex/latex/caption/ltcaption.sty
Package: ltcaption 2021/01/08 v1.4c longtable captions (AR)
)
Package caption Info: rotating package is loaded.
Package caption Info: End \AtBeginDocument code.
Package biblatex Info: Trying to load language 'english' -> 'english-apa'...
Package biblatex Info: ... file 'english-apa.lbx' found.
 (/usr/local/texlive/2025/texmf-dist/tex/latex/biblatex-apa/english-apa.lbx
File: english-apa.lbx 2025/08/27 v9.20 APA biblatex localisation
Package biblatex Info: Trying to load language 'english'...
Package biblatex Info: ... file 'english.lbx' found.
 (/usr/local/texlive/2025/texmf-dist/tex/latex/biblatex/lbx/english.lbx
File: english.lbx 2025/07/10 v3.21 biblatex localization (PK/MW)
)
Package biblatex Info: Trying to load language 'american' -> 'american-apa'...
Package biblatex Info: ... file 'american-apa.lbx' found.
 (/usr/local/texlive/2025/texmf-dist/tex/latex/biblatex-apa/american-apa.lbx
File: american-apa.lbx 2025/08/27 v9.20 APA biblatex localisation
Package biblatex Info: Trying to load language 'american'...
Package biblatex Info: ... file 'american.lbx' found.
 (/usr/local/texlive/2025/texmf-dist/tex/latex/biblatex/lbx/american.lbx
File: american.lbx 2025/07/10 v3.21 biblatex localization (PK/MW)
Package biblatex Info: Trying to load language 'english'...
Package biblatex Info: ... file 'english.lbx' found.
 (/usr/local/texlive/2025/texmf-dist/tex/latex/biblatex/lbx/english.lbx
File: english.lbx 2025/07/10 v3.21 biblatex localization (PK/MW)
))))
Package biblatex Info: Input encoding 'utf8' detected.
Package biblatex Info: Automatic encoding selection.
(biblatex)             Assuming data encoding 'utf8'.
\openout3 = `thesis_siit_template_250213.bcf'.

Package biblatex Info: Trying to load bibliographic data...
Package biblatex Info: ... file 'thesis_siit_template_250213.bbl' found.
 (./thesis_siit_template_250213.bbl)
Package biblatex Info: Reference section=0 on input line 98.
Package biblatex Info: Reference segment=0 on input line 98.


Package pgfplots Warning: running in backwards compatibility mode (unsuitable tick labels; missing features). Consider writing \pgfplotsset{compat=1.18} into your preamble.
 on input line 98.

<Picture/thammasat.png, id=211, 228.3732pt x 228.6141pt>
File: Picture/thammasat.png Graphic file (type png)
<use Picture/thammasat.png>
Package pdftex.def Info: Picture/thammasat.png  used on input line 106.
(pdftex.def)             Requested size: 87.95134pt x 88.04286pt.
LaTeX Font Info:    Font shape `OT1/txr/b/n' in size <12> not available
(Font)              Font shape `OT1/txr/bx/n' tried instead on input line 110.
LaTeX Font Info:    Font shape `OT1/txr/b/n' in size <14> not available
(Font)              Font shape `OT1/txr/bx/n' tried instead on input line 110.


[1


{/usr/local/texlive/2025/texmf-var/fonts/map/pdftex/updmap/pdftex.map}{/usr/local/texlive/2025/texmf-dist/fonts/enc/dvips/base/8r.enc} <./Picture/thammasat.png>] (/usr/local/texlive/2025/texmf-dist/tex/latex/psnfss/ot1ptm.fd) (/usr/local/texlive/2025/texmf-dist/tex/latex/txfonts/utxmia.fd) (/usr/local/texlive/2025/texmf-dist/tex/latex/txfonts/utxsyc.fd) (/usr/local/texlive/2025/texmf-dist/tex/latex/base/ulasy.fd)

[2]
Underfull \hbox (badness 7186) in paragraph at lines 261--263
[]|\OT1/txr/m/n/12 AI AS-SISTED GRAD-ING FRAME-WORK
 []


Underfull \hbox (badness 1502) in paragraph at lines 261--263
\OT1/txr/m/n/12 FOR THAI-LANGUAGE WRIT-TEN EXAM
 []

LaTeX Font Info:    Font shape `OT1/txr/b/n' in size <15> not available
(Font)              Font shape `OT1/txr/bx/n' tried instead on input line 278.
(./abstract.tex


Package fancyhdr Warning: \headheight is too small (12.0pt): 
(fancyhdr)                Make it at least 14.49998pt, for example:
(fancyhdr)                \setlength{\headheight}{14.49998pt}.
(fancyhdr)                You might also make \topmargin smaller:
(fancyhdr)                \addtolength{\topmargin}{-2.49998pt}.

[1]
Underfull \hbox (badness 10000) in paragraph at lines 35--45

 []


Underfull \hbox (badness 10000) in paragraph at lines 35--45

 []


Overfull \hbox (5.7529pt too wide) in paragraph at lines 52--52
[]|\OT1/txr/bx/n/12 Keywords\OT1/txr/m/n/12 :| 
 []

)


Package fancyhdr Warning: \headheight is too small (12.0pt): 
(fancyhdr)                Make it at least 14.49998pt, for example:
(fancyhdr)                \setlength{\headheight}{14.49998pt}.
(fancyhdr)                You might also make \topmargin smaller:
(fancyhdr)                \addtolength{\topmargin}{-2.49998pt}.

[2] (./ack.tex


Package fancyhdr Warning: \headheight is too small (12.0pt): 
(fancyhdr)                Make it at least 14.49998pt, for example:
(fancyhdr)                \setlength{\headheight}{14.49998pt}.
(fancyhdr)                You might also make \topmargin smaller:
(fancyhdr)                \addtolength{\topmargin}{-2.49998pt}.

[3

])


Package fancyhdr Warning: \headheight is too small (12.0pt): 
(fancyhdr)                Make it at least 14.49998pt, for example:
(fancyhdr)                \setlength{\headheight}{14.49998pt}.
(fancyhdr)                You might also make \topmargin smaller:
(fancyhdr)                \addtolength{\topmargin}{-2.49998pt}.

[4] (./thesis_siit_template_250213.toc
Overfull \hbox (1.77966pt too wide) detected at line 5
 \OT1/txr/m/n/12 (11)
 []




Package fancyhdr Warning: \headheight is too small (12.0pt): 
(fancyhdr)                Make it at least 14.49998pt, for example:
(fancyhdr)                \setlength{\headheight}{14.49998pt}.
(fancyhdr)                You might also make \topmargin smaller:
(fancyhdr)                \addtolength{\topmargin}{-2.49998pt}.

[5


]
Overfull \hbox (14.8188pt too wide) in paragraph at lines 29--29
 []|\OT1/txr/m/n/12 2.3.1[]QUAD-LLM-MLTC: Large Lan-guage Mod-els En-sem-ble Learn-ing for Health- 
 []




Package fancyhdr Warning: \headheight is too small (12.0pt): 
(fancyhdr)                Make it at least 14.49998pt, for example:
(fancyhdr)                \setlength{\headheight}{14.49998pt}.
(fancyhdr)                You might also make \topmargin smaller:
(fancyhdr)                \addtolength{\topmargin}{-2.49998pt}.

[6])
\tf@toc=\write6
\openout6 = `thesis_siit_template_250213.toc'.




Package fancyhdr Warning: \headheight is too small (12.0pt): 
(fancyhdr)                Make it at least 14.49998pt, for example:
(fancyhdr)                \setlength{\headheight}{14.49998pt}.
(fancyhdr)                You might also make \topmargin smaller:
(fancyhdr)                \addtolength{\topmargin}{-2.49998pt}.

[7] (./thesis_siit_template_250213.lot)
\tf@lot=\write7
\openout7 = `thesis_siit_template_250213.lot'.




Package fancyhdr Warning: \headheight is too small (12.0pt): 
(fancyhdr)                Make it at least 14.49998pt, for example:
(fancyhdr)                \setlength{\headheight}{14.49998pt}.
(fancyhdr)                You might also make \topmargin smaller:
(fancyhdr)                \addtolength{\topmargin}{-2.49998pt}.

[8

] (./thesis_siit_template_250213.lof
Overfull \hbox (3.09663pt too wide) in paragraph at lines 5--5
 [][] [][]\OT1/txr/m/n/12 Comparison of sen-ti-ment in-ten-sity re-gres-sion with other sen-ti-ment anal-y-sis tasks. 
 []


Overfull \hbox (7.96869pt too wide) in paragraph at lines 14--14
 [][] [][]\OT1/txr/m/n/12 Methodology for Ex-am-i-na-tion Dataset Prepa-ra-tion, in-clud-ing Teacher Re-labeling 
 []




Package fancyhdr Warning: \headheight is too small (12.0pt): 
(fancyhdr)                Make it at least 14.49998pt, for example:
(fancyhdr)                \setlength{\headheight}{14.49998pt}.
(fancyhdr)                You might also make \topmargin smaller:
(fancyhdr)                \addtolength{\topmargin}{-2.49998pt}.

[9

])
\tf@lof=\write8
\openout8 = `thesis_siit_template_250213.lof'.




Package fancyhdr Warning: \headheight is too small (12.0pt): 
(fancyhdr)                Make it at least 14.49998pt, for example:
(fancyhdr)                \setlength{\headheight}{14.49998pt}.
(fancyhdr)                You might also make \topmargin smaller:
(fancyhdr)                \addtolength{\topmargin}{-2.49998pt}.

[10] (./acronyms1.tex
Overfull \hbox (7.72548pt too wide) in paragraph at lines 11--27
[][] 
 []

)


Package fancyhdr Warning: \headheight is too small (12.0pt): 
(fancyhdr)                Make it at least 14.49998pt, for example:
(fancyhdr)                \setlength{\headheight}{14.49998pt}.
(fancyhdr)                You might also make \topmargin smaller:
(fancyhdr)                \addtolength{\topmargin}{-2.49998pt}.

[11

]


Package fancyhdr Warning: \headheight is too small (12.0pt): 
(fancyhdr)                Make it at least 14.49998pt, for example:
(fancyhdr)                \setlength{\headheight}{14.49998pt}.
(fancyhdr)                You might also make \topmargin smaller:
(fancyhdr)                \addtolength{\topmargin}{-2.49998pt}.

[12]
\openout2 = `chapter_01.aux'.

 (./chapter_01.tex
Chapter 1.
LaTeX Font Info:    Font shape `OT1/txr/b/n' in size <13> not available
(Font)              Font shape `OT1/txr/bx/n' tried instead on input line 11.



Package fancyhdr Warning: \headheight is too small (12.0pt): 
(fancyhdr)                Make it at least 14.49998pt, for example:
(fancyhdr)                \setlength{\headheight}{14.49998pt}.
(fancyhdr)                You might also make \topmargin smaller:
(fancyhdr)                \addtolength{\topmargin}{-2.49998pt}.

[1




]


Package fancyhdr Warning: \headheight is too small (12.0pt): 
(fancyhdr)                Make it at least 14.49998pt, for example:
(fancyhdr)                \setlength{\headheight}{14.49998pt}.
(fancyhdr)                You might also make \topmargin smaller:
(fancyhdr)                \addtolength{\topmargin}{-2.49998pt}.

[2]
Overfull \hbox (0.95154pt too wide) in paragraph at lines 102--110
[]\OT1/txr/m/n/12 Bloom's Tax-on-omy pro-vides a struc-tured frame-work for cat-e-go-riz-ing cog-ni-tive skills,
 []




Package fancyhdr Warning: \headheight is too small (12.0pt): 
(fancyhdr)                Make it at least 14.49998pt, for example:
(fancyhdr)                \setlength{\headheight}{14.49998pt}.
(fancyhdr)                You might also make \topmargin smaller:
(fancyhdr)                \addtolength{\topmargin}{-2.49998pt}.

[3]


Package fancyhdr Warning: \headheight is too small (12.0pt): 
(fancyhdr)                Make it at least 14.49998pt, for example:
(fancyhdr)                \setlength{\headheight}{14.49998pt}.
(fancyhdr)                You might also make \topmargin smaller:
(fancyhdr)                \addtolength{\topmargin}{-2.49998pt}.

[4]


Package fancyhdr Warning: \headheight is too small (12.0pt): 
(fancyhdr)                Make it at least 14.49998pt, for example:
(fancyhdr)                \setlength{\headheight}{14.49998pt}.
(fancyhdr)                You might also make \topmargin smaller:
(fancyhdr)                \addtolength{\topmargin}{-2.49998pt}.

[5]
Overfull \hbox (4.4273pt too wide) in paragraph at lines 239--240
\OT1/txr/m/n/12 comes|particularly fair-ness, con-sis-tency, and in-ter-pretabil-ity|rather than im-ple-ment-
 []

LaTeX Font Info:    Trying to load font information for TS1+txr on input line 246.
(/usr/local/texlive/2025/texmf-dist/tex/latex/txfonts/ts1txr.fd
File: ts1txr.fd 2000/12/15 v3.1
)


Package fancyhdr Warning: \headheight is too small (12.0pt): 
(fancyhdr)                Make it at least 14.49998pt, for example:
(fancyhdr)                \setlength{\headheight}{14.49998pt}.
(fancyhdr)                You might also make \topmargin smaller:
(fancyhdr)                \addtolength{\topmargin}{-2.49998pt}.

[6])


Package fancyhdr Warning: \headheight is too small (12.0pt): 
(fancyhdr)                Make it at least 14.49998pt, for example:
(fancyhdr)                \setlength{\headheight}{14.49998pt}.
(fancyhdr)                You might also make \topmargin smaller:
(fancyhdr)                \addtolength{\topmargin}{-2.49998pt}.

[7]
\openout2 = `chapter_02.aux'.

 (./chapter_02.tex
Chapter 2.



Package fancyhdr Warning: \headheight is too small (12.0pt): 
(fancyhdr)                Make it at least 14.49998pt, for example:
(fancyhdr)                \setlength{\headheight}{14.49998pt}.
(fancyhdr)                You might also make \topmargin smaller:
(fancyhdr)                \addtolength{\topmargin}{-2.49998pt}.

[8




]


Package fancyhdr Warning: \headheight is too small (12.0pt): 
(fancyhdr)                Make it at least 14.49998pt, for example:
(fancyhdr)                \setlength{\headheight}{14.49998pt}.
(fancyhdr)                You might also make \topmargin smaller:
(fancyhdr)                \addtolength{\topmargin}{-2.49998pt}.

[9]
Overfull \hbox (7.15489pt too wide) in paragraph at lines 125--140
[]\OT1/txr/m/n/12 To ad-dress these is-sues, the con-cept of Ped-a-gog-i-cal AI Agents has been proposed|AI-
 []


Overfull \hbox (3.09659pt too wide) in paragraph at lines 125--140
\OT1/txr/m/n/12 driven teach-ing as-sis-tants that col-lab-o-rate with hu-man teach-ers within a team-teaching model.
 []


Overfull \hbox (54.9996pt too wide) in paragraph at lines 158--169
[]\OT1/txr/m/n/12 As dis-cussed in []Ryz-nar ([]2023[]), re-cent re-search ex-am-ines the im-pli-ca-tions of LLMs|specifically
 []




Package fancyhdr Warning: \headheight is too small (12.0pt): 
(fancyhdr)                Make it at least 14.49998pt, for example:
(fancyhdr)                \setlength{\headheight}{14.49998pt}.
(fancyhdr)                You might also make \topmargin smaller:
(fancyhdr)                \addtolength{\topmargin}{-2.49998pt}.

[10]
Overfull \hbox (1.71663pt too wide) in paragraph at lines 179--191
\OT1/txr/m/n/12 proc-tor-ing, lock-down browsers, AI-specific pla-gia-rism de-tec-tion, and strict time lim-its. How-
 []


Overfull \hbox (0.18059pt too wide) in paragraph at lines 179--191
\OT1/txr/m/n/12 ever, tech-ni-cal con-trols alone are in-suf-fi-cient. Ef-fec-tive exam de-sign|emphasizing problem-
 []


Overfull \hbox (26.18385pt too wide) in paragraph at lines 199--212
\OT1/txr/m/n/12 con-text|where lin-guis-tic di-ver-sity and lim-ited AI train-ing data fur-ther com-pli-cate fairness|well-
 []




Package fancyhdr Warning: \headheight is too small (12.0pt): 
(fancyhdr)                Make it at least 14.49998pt, for example:
(fancyhdr)                \setlength{\headheight}{14.49998pt}.
(fancyhdr)                You might also make \topmargin smaller:
(fancyhdr)                \addtolength{\topmargin}{-2.49998pt}.

[11]
<./Picture/opportunities_and_challenges_of_llm.png, id=676, 761.84625pt x 449.42906pt>
File: ./Picture/opportunities_and_challenges_of_llm.png Graphic file (type png)
<use ./Picture/opportunities_and_challenges_of_llm.png>
Package pdftex.def Info: ./Picture/opportunities_and_challenges_of_llm.png  used on input line 270.
(pdftex.def)             Requested size: 391.38918pt x 230.88593pt.



Package fancyhdr Warning: \headheight is too small (12.0pt): 
(fancyhdr)                Make it at least 14.49998pt, for example:
(fancyhdr)                \setlength{\headheight}{14.49998pt}.
(fancyhdr)                You might also make \topmargin smaller:
(fancyhdr)                \addtolength{\topmargin}{-2.49998pt}.

[12 <./Picture/opportunities_and_challenges_of_llm.png (PNG copy)>]
<./Picture/2.2.1_consistency.png, id=684, 751.80875pt x 901.3675pt>
File: ./Picture/2.2.1_consistency.png Graphic file (type png)
<use ./Picture/2.2.1_consistency.png>
Package pdftex.def Info: ./Picture/2.2.1_consistency.png  used on input line 311.
(pdftex.def)             Requested size: 215.48648pt x 258.3503pt.



Package fancyhdr Warning: \headheight is too small (12.0pt): 
(fancyhdr)                Make it at least 14.49998pt, for example:
(fancyhdr)                \setlength{\headheight}{14.49998pt}.
(fancyhdr)                You might also make \topmargin smaller:
(fancyhdr)                \addtolength{\topmargin}{-2.49998pt}.

[13 <./Picture/2.2.1_consistency.png>]


Package fancyhdr Warning: \headheight is too small (12.0pt): 
(fancyhdr)                Make it at least 14.49998pt, for example:
(fancyhdr)                \setlength{\headheight}{14.49998pt}.
(fancyhdr)                You might also make \topmargin smaller:
(fancyhdr)                \addtolength{\topmargin}{-2.49998pt}.

[14]
<./Picture/2.2.2_emotion.png, id=698, 651.93562pt x 278.54062pt>
File: ./Picture/2.2.2_emotion.png Graphic file (type png)
<use ./Picture/2.2.2_emotion.png>
Package pdftex.def Info: ./Picture/2.2.2_emotion.png  used on input line 380.
(pdftex.def)             Requested size: 263.86073pt x 112.73607pt.
<./Picture/2.2.3_emotion_arch.png, id=701, 1668.2325pt x 939.51pt>
File: ./Picture/2.2.3_emotion_arch.png Graphic file (type png)
<use ./Picture/2.2.3_emotion_arch.png>
Package pdftex.def Info: ./Picture/2.2.3_emotion_arch.png  used on input line 428.
(pdftex.def)             Requested size: 351.81207pt x 198.12006pt.



Package fancyhdr Warning: \headheight is too small (12.0pt): 
(fancyhdr)                Make it at least 14.49998pt, for example:
(fancyhdr)                \setlength{\headheight}{14.49998pt}.
(fancyhdr)                You might also make \topmargin smaller:
(fancyhdr)                \addtolength{\topmargin}{-2.49998pt}.

[15 <./Picture/2.2.2_emotion.png (PNG copy)>]


Package fancyhdr Warning: \headheight is too small (12.0pt): 
(fancyhdr)                Make it at least 14.49998pt, for example:
(fancyhdr)                \setlength{\headheight}{14.49998pt}.
(fancyhdr)                You might also make \topmargin smaller:
(fancyhdr)                \addtolength{\topmargin}{-2.49998pt}.

[16 <./Picture/2.2.3_emotion_arch.png>]
Overfull \hbox (6.01263pt too wide) in paragraph at lines 492--503
\OT1/txr/m/n/12 and single-model base-lines. No-tably, the method op-er-ated un-der zero-shot con-di-tions, demon-
 []

<./Picture/2.3.1_quad.png, id=714, 1357.07pt x 941.5175pt>
File: ./Picture/2.3.1_quad.png Graphic file (type png)
<use ./Picture/2.3.1_quad.png>
Package pdftex.def Info: ./Picture/2.3.1_quad.png  used on input line 506.
(pdftex.def)             Requested size: 391.38918pt x 271.53899pt.



Package fancyhdr Warning: \headheight is too small (12.0pt): 
(fancyhdr)                Make it at least 14.49998pt, for example:
(fancyhdr)                \setlength{\headheight}{14.49998pt}.
(fancyhdr)                You might also make \topmargin smaller:
(fancyhdr)                \addtolength{\topmargin}{-2.49998pt}.

[17 <./Picture/2.3.1_quad.png>]
<./Picture/2.3.2_llm_topla.png, id=724, 979.40906pt x 246.1697pt>
File: ./Picture/2.3.2_llm_topla.png Graphic file (type png)
<use ./Picture/2.3.2_llm_topla.png>
Package pdftex.def Info: ./Picture/2.3.2_llm_topla.png  used on input line 545.
(pdftex.def)             Requested size: 417.77391pt x 105.00198pt.

Overfull \hbox (5.5476pt too wide) in paragraph at lines 550--560
[]\OT1/txr/m/n/12 Evaluated across six bench-mark datasets|MMLU, GSM8k, SearchQA, XSum, BBH,
 []




Package fancyhdr Warning: \headheight is too small (12.0pt): 
(fancyhdr)                Make it at least 14.49998pt, for example:
(fancyhdr)                \setlength{\headheight}{14.49998pt}.
(fancyhdr)                You might also make \topmargin smaller:
(fancyhdr)                \addtolength{\topmargin}{-2.49998pt}.

[18 <./Picture/2.3.2_llm_topla.png (PNG copy)>]


Package fancyhdr Warning: \headheight is too small (12.0pt): 
(fancyhdr)                Make it at least 14.49998pt, for example:
(fancyhdr)                \setlength{\headheight}{14.49998pt}.
(fancyhdr)                You might also make \topmargin smaller:
(fancyhdr)                \addtolength{\topmargin}{-2.49998pt}.

[19]
Overfull \hbox (10.21556pt too wide) in paragraph at lines 634--638
[]\OT1/txr/m/n/12 Each level in Bloom's tax-on-omy re-flects in-creas-ing cog-ni-tive com-plex-ity, from surface-
 []




Package fancyhdr Warning: \headheight is too small (12.0pt): 
(fancyhdr)                Make it at least 14.49998pt, for example:
(fancyhdr)                \setlength{\headheight}{14.49998pt}.
(fancyhdr)                You might also make \topmargin smaller:
(fancyhdr)                \addtolength{\topmargin}{-2.49998pt}.

[20]
Overfull \hbox (488.13301pt too wide) detected at line 659
 []
 []


Overfull \hbox (26.31409pt too wide) in alignment at lines 658--667
 [] [] [] []
 []


Overfull \hbox (26.31409pt too wide) in alignment at lines 667--673
 [] [] [] []
 []


Overfull \hbox (26.31409pt too wide) in alignment at lines 673--677
 [] [] [] []
 []


Underfull \hbox (badness 10000) in paragraph at lines 679--680
[]|\OT1/txr/m/n/12 Recall ba-sic facts and
 []


Underfull \hbox (badness 1642) in paragraph at lines 681--681
\OT1/txr/m/n/12 dis-cuss, ex-plain, sum-ma-
 []


Underfull \hbox (badness 2189) in paragraph at lines 681--681
[]|\OT1/txr/m/n/12 Students can ex-plain the
 []


Underfull \hbox (badness 10000) in paragraph at lines 681--682
[]|\OT1/txr/m/n/12 Explain re-la-tion-ships
 []


Underfull \hbox (badness 10000) in paragraph at lines 683--683
[]|\OT1/txr/m/n/12 Demonstrate, im-ple-ment,
 []


Underfull \hbox (badness 10000) in paragraph at lines 683--683
[]|\OT1/txr/m/n/12 Students write an in-
 []


Underfull \hbox (badness 5681) in paragraph at lines 685--685
[]|\OT1/txr/m/n/12 Analyze, com-pare, con-
 []


Underfull \hbox (badness 1715) in paragraph at lines 685--685
\OT1/txr/m/n/12 trast, dif-fer-en-ti-ate, ex-am-
 []


Underfull \hbox (badness 3657) in paragraph at lines 687--687
[]|\OT1/txr/m/n/12 Assess, cri-tique, de-fend,
 []


Underfull \hbox (badness 10000) in paragraph at lines 687--687
[]|\OT1/txr/m/n/12 Students judge the ef-
 []


Underfull \hbox (badness 10000) in paragraph at lines 687--687
\OT1/txr/m/n/12 fec-tive-ness of Re-vised
 []


Underfull \hbox (badness 2564) in paragraph at lines 689--689
[]|\OT1/txr/m/n/12 Assemble, con-struct, de-
 []


Overfull \hbox (26.31409pt too wide) in alignment at lines 677--691
 [] [] [] []
 []

<./Picture/2.4.1_system.png, id=746, 571.38469pt x 361.35pt>
File: ./Picture/2.4.1_system.png Graphic file (type png)
<use ./Picture/2.4.1_system.png>
Package pdftex.def Info: ./Picture/2.4.1_system.png  used on input line 714.
(pdftex.def)             Requested size: 307.83305pt x 194.67947pt.



Package fancyhdr Warning: \headheight is too small (12.0pt): 
(fancyhdr)                Make it at least 14.49998pt, for example:
(fancyhdr)                \setlength{\headheight}{14.49998pt}.
(fancyhdr)                You might also make \topmargin smaller:
(fancyhdr)                \addtolength{\topmargin}{-2.49998pt}.

[21]


Package fancyhdr Warning: \headheight is too small (12.0pt): 
(fancyhdr)                Make it at least 14.49998pt, for example:
(fancyhdr)                \setlength{\headheight}{14.49998pt}.
(fancyhdr)                You might also make \topmargin smaller:
(fancyhdr)                \addtolength{\topmargin}{-2.49998pt}.

[22 <./Picture/2.4.1_system.png (PNG copy)>]
<./Picture/2.4.3_ml_quiz.png, id=760, 1059.96pt x 688.5725pt>
File: ./Picture/2.4.3_ml_quiz.png Graphic file (type png)
<use ./Picture/2.4.3_ml_quiz.png>
Package pdftex.def Info: ./Picture/2.4.3_ml_quiz.png  used on input line 808.
(pdftex.def)             Requested size: 351.81207pt x 228.54297pt.



Package fancyhdr Warning: \headheight is too small (12.0pt): 
(fancyhdr)                Make it at least 14.49998pt, for example:
(fancyhdr)                \setlength{\headheight}{14.49998pt}.
(fancyhdr)                You might also make \topmargin smaller:
(fancyhdr)                \addtolength{\topmargin}{-2.49998pt}.

[23]


Package fancyhdr Warning: \headheight is too small (12.0pt): 
(fancyhdr)                Make it at least 14.49998pt, for example:
(fancyhdr)                \setlength{\headheight}{14.49998pt}.
(fancyhdr)                You might also make \topmargin smaller:
(fancyhdr)                \addtolength{\topmargin}{-2.49998pt}.

[24 <./Picture/2.4.3_ml_quiz.png>]
<./Picture/2.4.4_crossover.jpeg, id=777, 120.45pt x 110.5731pt>
File: ./Picture/2.4.4_crossover.jpeg Graphic file (type jpg)
<use ./Picture/2.4.4_crossover.jpeg>
Package pdftex.def Info: ./Picture/2.4.4_crossover.jpeg  used on input line 858.
(pdftex.def)             Requested size: 307.83305pt x 282.61902pt.



Package fancyhdr Warning: \headheight is too small (12.0pt): 
(fancyhdr)                Make it at least 14.49998pt, for example:
(fancyhdr)                \setlength{\headheight}{14.49998pt}.
(fancyhdr)                You might also make \topmargin smaller:
(fancyhdr)                \addtolength{\topmargin}{-2.49998pt}.

[25 <./Picture/2.4.4_crossover.jpeg>]


Package fancyhdr Warning: \headheight is too small (12.0pt): 
(fancyhdr)                Make it at least 14.49998pt, for example:
(fancyhdr)                \setlength{\headheight}{14.49998pt}.
(fancyhdr)                You might also make \topmargin smaller:
(fancyhdr)                \addtolength{\topmargin}{-2.49998pt}.

[26])
Overfull \hbox (1.64459pt too wide) in paragraph at lines 1038--362
\OT1/txr/m/n/12 frame-work tai-lored for Thai-language writ-ten ex-am-i-na-tions. The frame-work in-te-grates LLM-
 []




Package fancyhdr Warning: \headheight is too small (12.0pt): 
(fancyhdr)                Make it at least 14.49998pt, for example:
(fancyhdr)                \setlength{\headheight}{14.49998pt}.
(fancyhdr)                You might also make \topmargin smaller:
(fancyhdr)                \addtolength{\topmargin}{-2.49998pt}.

[27]
\openout2 = `chapter_03.aux'.

 (./chapter_03.tex
Chapter 3.
<./Picture/3.1_sample_prompt.png, id=793, 1049.42062pt x 159.59625pt>
File: ./Picture/3.1_sample_prompt.png Graphic file (type png)
<use ./Picture/3.1_sample_prompt.png>
Package pdftex.def Info: ./Picture/3.1_sample_prompt.png  used on input line 53.
(pdftex.def)             Requested size: 263.86073pt x 40.12787pt.



Package fancyhdr Warning: \headheight is too small (12.0pt): 
(fancyhdr)                Make it at least 14.49998pt, for example:
(fancyhdr)                \setlength{\headheight}{14.49998pt}.
(fancyhdr)                You might also make \topmargin smaller:
(fancyhdr)                \addtolength{\topmargin}{-2.49998pt}.

[28




]
<./Picture/3.2_data_collection.png, id=798, 1210.5225pt x 663.47874pt>
File: ./Picture/3.2_data_collection.png Graphic file (type png)
<use ./Picture/3.2_data_collection.png>
Package pdftex.def Info: ./Picture/3.2_data_collection.png  used on input line 64.
(pdftex.def)             Requested size: 351.81207pt x 192.81898pt.
<./Picture/3.3_init_model.png, id=799, 1185.42876pt x 431.6125pt>
File: ./Picture/3.3_init_model.png Graphic file (type png)
<use ./Picture/3.3_init_model.png>
Package pdftex.def Info: ./Picture/3.3_init_model.png  used on input line 88.
(pdftex.def)             Requested size: 307.83305pt x 112.0783pt.



Package fancyhdr Warning: \headheight is too small (12.0pt): 
(fancyhdr)                Make it at least 14.49998pt, for example:
(fancyhdr)                \setlength{\headheight}{14.49998pt}.
(fancyhdr)                You might also make \topmargin smaller:
(fancyhdr)                \addtolength{\topmargin}{-2.49998pt}.

[29 <./Picture/3.1_sample_prompt.png> <./Picture/3.2_data_collection.png>]
Overfull \hbox (14.63158pt too wide) in paragraph at lines 112--118
[]\OT1/txr/m/n/12 To iden-tify the top-performing can-di-dates, each model was ranked based on its Weighted
 []


Underfull \hbox (badness 1028) in paragraph at lines 128--129
\OT1/txr/m/n/12 pla-na-tion co-her-ence, or human-rated in-ter-pretabil-ity (scaled
 []


Package fancyhdr Warning: \headheight is too small (12.0pt): 
(fancyhdr)                Make it at least 14.49998pt, for example:
(fancyhdr)                \setlength{\headheight}{14.49998pt}.
(fancyhdr)                You might also make \topmargin smaller:
(fancyhdr)                \addtolength{\topmargin}{-2.49998pt}.

[30 <./Picture/3.3_init_model.png>]


Package fancyhdr Warning: \headheight is too small (12.0pt): 
(fancyhdr)                Make it at least 14.49998pt, for example:
(fancyhdr)                \setlength{\headheight}{14.49998pt}.
(fancyhdr)                You might also make \topmargin smaller:
(fancyhdr)                \addtolength{\topmargin}{-2.49998pt}.

[31]
<./Picture/3.4_prompt_gen_student_ans.png, id=826, 866.48718pt x 401.24907pt>
File: ./Picture/3.4_prompt_gen_student_ans.png Graphic file (type png)
<use ./Picture/3.4_prompt_gen_student_ans.png>
Package pdftex.def Info: ./Picture/3.4_prompt_gen_student_ans.png  used on input line 182.
(pdftex.def)             Requested size: 351.81207pt x 162.91519pt.
LaTeX Font Info:    Trying to load font information for OT1+txtt on input line 200.
 (/usr/local/texlive/2025/texmf-dist/tex/latex/txfonts/ot1txtt.fd
File: ot1txtt.fd 2000/12/15 v3.1
)


Package fancyhdr Warning: \headheight is too small (12.0pt): 
(fancyhdr)                Make it at least 14.49998pt, for example:
(fancyhdr)                \setlength{\headheight}{14.49998pt}.
(fancyhdr)                You might also make \topmargin smaller:
(fancyhdr)                \addtolength{\topmargin}{-2.49998pt}.

[32 <./Picture/3.4_prompt_gen_student_ans.png>]
<./Picture/3.5_prompt_proposed.png, id=834, 1410.26875pt x 636.3775pt>
File: ./Picture/3.5_prompt_proposed.png Graphic file (type png)
<use ./Picture/3.5_prompt_proposed.png>
Package pdftex.def Info: ./Picture/3.5_prompt_proposed.png  used on input line 222.
(pdftex.def)             Requested size: 351.81207pt x 158.75412pt.

Overfull \hbox (4.40459pt too wide) in paragraph at lines 237--246
\OT1/txr/m/n/12 ules han-dled tasks such as syl-la-ble count-ing, word seg-men-ta-tion, and ex-cep-tion han-dling|for
 []


Overfull \hbox (1.65662pt too wide) in paragraph at lines 256--262
\OT1/txr/m/n/12 tem, a sep-a-rate test set|prepared us-ing the same pro-ce-dure as the ex-per-i-men-tal dataset|was
 []




Package fancyhdr Warning: \headheight is too small (12.0pt): 
(fancyhdr)                Make it at least 14.49998pt, for example:
(fancyhdr)                \setlength{\headheight}{14.49998pt}.
(fancyhdr)                You might also make \topmargin smaller:
(fancyhdr)                \addtolength{\topmargin}{-2.49998pt}.

[33 <./Picture/3.5_prompt_proposed.png>]

Package fancyhdr Warning: \headheight is too small (12.0pt): 
(fancyhdr)                Make it at least 14.49998pt, for example:
(fancyhdr)                \setlength{\headheight}{14.49998pt}.
(fancyhdr)                You might also make \topmargin smaller:
(fancyhdr)                \addtolength{\topmargin}{-2.49998pt}.

[34])


Package fancyhdr Warning: \headheight is too small (12.0pt): 
(fancyhdr)                Make it at least 14.49998pt, for example:
(fancyhdr)                \setlength{\headheight}{14.49998pt}.
(fancyhdr)                You might also make \topmargin smaller:
(fancyhdr)                \addtolength{\topmargin}{-2.49998pt}.

[35]
\openout2 = `chapter_04.aux'.

 (./chapter_04.tex
Chapter 4.



Package fancyhdr Warning: \headheight is too small (12.0pt): 
(fancyhdr)                Make it at least 14.49998pt, for example:
(fancyhdr)                \setlength{\headheight}{14.49998pt}.
(fancyhdr)                You might also make \topmargin smaller:
(fancyhdr)                \addtolength{\topmargin}{-2.49998pt}.

[36




]
Overfull \hbox (2.24759pt too wide) in paragraph at lines 126--131
[]\OT1/txr/m/n/12 Beyond nu-mer-i-cal rank-ing, the se-lec-tion pro-ce-dure also con-sid-ered di-ver-sity of model
 []


Overfull \hbox (451.14435pt too wide) detected at line 137
 []
 []


Overfull \hbox (7.30771pt too wide) in alignment at lines 136--145
 [] [] [] [] []
 []


Overfull \hbox (7.30771pt too wide) in alignment at lines 145--151
 [] [] [] [] []
 []


Overfull \hbox (7.30771pt too wide) in alignment at lines 151--155
 [] [] [] [] []
 []


Overfull \hbox (7.30771pt too wide) in alignment at lines 155--168
 [] [] [] [] []
 []




Package fancyhdr Warning: \headheight is too small (12.0pt): 
(fancyhdr)                Make it at least 14.49998pt, for example:
(fancyhdr)                \setlength{\headheight}{14.49998pt}.
(fancyhdr)                You might also make \topmargin smaller:
(fancyhdr)                \addtolength{\topmargin}{-2.49998pt}.

[37]


Package fancyhdr Warning: \headheight is too small (12.0pt): 
(fancyhdr)                Make it at least 14.49998pt, for example:
(fancyhdr)                \setlength{\headheight}{14.49998pt}.
(fancyhdr)                You might also make \topmargin smaller:
(fancyhdr)                \addtolength{\topmargin}{-2.49998pt}.

[38]
Overfull \hbox (451.14435pt too wide) detected at line 230
 []
 []


Overfull \hbox (11.82774pt too wide) in alignment at lines 229--238
 [] [] [] []
 []


Overfull \hbox (11.82774pt too wide) in alignment at lines 238--244
 [] [] [] []
 []


Overfull \hbox (11.82774pt too wide) in alignment at lines 244--248
 [] [] [] []
 []


Overfull \hbox (11.82774pt too wide) in alignment at lines 248--259
 [] [] [] []
 []

<./Picture/4.1_mean_max_syllable_count_plot.png, id=879, 722.7pt x 433.62pt>
File: ./Picture/4.1_mean_max_syllable_count_plot.png Graphic file (type png)
<use ./Picture/4.1_mean_max_syllable_count_plot.png>
Package pdftex.def Info: ./Picture/4.1_mean_max_syllable_count_plot.png  used on input line 271.
(pdftex.def)             Requested size: 263.86073pt x 158.31299pt.



Package fancyhdr Warning: \headheight is too small (12.0pt): 
(fancyhdr)                Make it at least 14.49998pt, for example:
(fancyhdr)                \setlength{\headheight}{14.49998pt}.
(fancyhdr)                You might also make \topmargin smaller:
(fancyhdr)                \addtolength{\topmargin}{-2.49998pt}.

[39 <./Picture/4.1_mean_max_syllable_count_plot.png>]
Overfull \hbox (459.68027pt too wide) detected at line 339
 []
 []


Overfull \hbox (19.97183pt too wide) in alignment at lines 338--348
 [] [] [] [] [] []
 []


Overfull \hbox (19.97183pt too wide) in alignment at lines 348--354
 [] [] [] [] [] []
 []


Overfull \hbox (19.97183pt too wide) in alignment at lines 354--358
 [] [] [] [] [] []
 []


Overfull \hbox (19.97183pt too wide) in alignment at lines 358--368
 [] [] [] [] [] []
 []




Package fancyhdr Warning: \headheight is too small (12.0pt): 
(fancyhdr)                Make it at least 14.49998pt, for example:
(fancyhdr)                \setlength{\headheight}{14.49998pt}.
(fancyhdr)                You might also make \topmargin smaller:
(fancyhdr)                \addtolength{\topmargin}{-2.49998pt}.

[40]
Overfull \hbox (510.89531pt too wide) detected at line 389
 []
 []


Overfull \hbox (53.50076pt too wide) in alignment at lines 388--398
 [] [] [] [] [] [] []
 []


Overfull \hbox (53.50076pt too wide) in alignment at lines 398--405
 [] [] [] [] [] [] []
 []


Overfull \hbox (53.50076pt too wide) in alignment at lines 405--409
 [] [] [] [] [] [] []
 []


Overfull \hbox (53.50076pt too wide) in alignment at lines 409--418
 [] [] [] [] [] [] []
 []


Overfull \hbox (2.85661pt too wide) in paragraph at lines 421--432
\OT1/txr/m/n/12 Bloom's lev-els. Higher-order cat-e-gories, par-tic-u-larly \OT1/txr/m/it/12 An-a-lyz-ing \OT1/txr/m/n/12 and \OT1/txr/m/it/12 Cre-at-ing\OT1/txr/m/n/12 , showed greater
 []


Overfull \hbox (4.1165pt too wide) in paragraph at lines 451--458
\OT1/txr/m/n/12 Af-ter teacher val-i-da-tion, only 2 re-sponses re-quired ad-di-tional cor-rec-tion us-ing the \OT1/txtt/m/n/12 PyThaiNLP
 []




Package fancyhdr Warning: \headheight is too small (12.0pt): 
(fancyhdr)                Make it at least 14.49998pt, for example:
(fancyhdr)                \setlength{\headheight}{14.49998pt}.
(fancyhdr)                You might also make \topmargin smaller:
(fancyhdr)                \addtolength{\topmargin}{-2.49998pt}.

[41]
Overfull \hbox (17.63159pt too wide) in paragraph at lines 489--492
[]\OT1/txr/m/n/12 The re-sult-ing dataset serves as the human-grounded bench-mark for eval-u-at-ing AI{human
 []




Package fancyhdr Warning: \headheight is too small (12.0pt): 
(fancyhdr)                Make it at least 14.49998pt, for example:
(fancyhdr)                \setlength{\headheight}{14.49998pt}.
(fancyhdr)                You might also make \topmargin smaller:
(fancyhdr)                \addtolength{\topmargin}{-2.49998pt}.

[42]


Package fancyhdr Warning: \headheight is too small (12.0pt): 
(fancyhdr)                Make it at least 14.49998pt, for example:
(fancyhdr)                \setlength{\headheight}{14.49998pt}.
(fancyhdr)                You might also make \topmargin smaller:
(fancyhdr)                \addtolength{\topmargin}{-2.49998pt}.

[43]
Overfull \hbox (459.68027pt too wide) detected at line 638
 []
 []


Overfull \hbox (19.75574pt too wide) in alignment at lines 637--646
 [] [] [] []
 []


Overfull \hbox (19.75574pt too wide) in alignment at lines 646--652
 [] [] [] []
 []


Overfull \hbox (19.75574pt too wide) in alignment at lines 652--657
 [] [] [] []
 []


Overfull \hbox (19.75574pt too wide) in alignment at lines 657--663
 [] [] [] []
 []




Package fancyhdr Warning: \headheight is too small (12.0pt): 
(fancyhdr)                Make it at least 14.49998pt, for example:
(fancyhdr)                \setlength{\headheight}{14.49998pt}.
(fancyhdr)                You might also make \topmargin smaller:
(fancyhdr)                \addtolength{\topmargin}{-2.49998pt}.

[44]


Package fancyhdr Warning: \headheight is too small (12.0pt): 
(fancyhdr)                Make it at least 14.49998pt, for example:
(fancyhdr)                \setlength{\headheight}{14.49998pt}.
(fancyhdr)                You might also make \topmargin smaller:
(fancyhdr)                \addtolength{\topmargin}{-2.49998pt}.

[45])


Package fancyhdr Warning: \headheight is too small (12.0pt): 
(fancyhdr)                Make it at least 14.49998pt, for example:
(fancyhdr)                \setlength{\headheight}{14.49998pt}.
(fancyhdr)                You might also make \topmargin smaller:
(fancyhdr)                \addtolength{\topmargin}{-2.49998pt}.

[46]
\openout2 = `chapter_05.aux'.

 (./chapter_05.tex
Chapter 5.

Overfull \hbox (13.9956pt too wide) in paragraph at lines 36--49
[]\OT1/txr/m/n/12 Nevertheless, dis-crep-an-cies per-sisted, par-tic-u-larly in higher-order cog-ni-tive tasks|such
 []




Package fancyhdr Warning: \headheight is too small (12.0pt): 
(fancyhdr)                Make it at least 14.49998pt, for example:
(fancyhdr)                \setlength{\headheight}{14.49998pt}.
(fancyhdr)                You might also make \topmargin smaller:
(fancyhdr)                \addtolength{\topmargin}{-2.49998pt}.

[47




])


Package fancyhdr Warning: \headheight is too small (12.0pt): 
(fancyhdr)                Make it at least 14.49998pt, for example:
(fancyhdr)                \setlength{\headheight}{14.49998pt}.
(fancyhdr)                You might also make \topmargin smaller:
(fancyhdr)                \addtolength{\topmargin}{-2.49998pt}.

[48]


Package fancyhdr Warning: \headheight is too small (12.0pt): 
(fancyhdr)                Make it at least 14.49998pt, for example:
(fancyhdr)                \setlength{\headheight}{14.49998pt}.
(fancyhdr)                You might also make \topmargin smaller:
(fancyhdr)                \addtolength{\topmargin}{-2.49998pt}.

[49]


Package fancyhdr Warning: \headheight is too small (12.0pt): 
(fancyhdr)                Make it at least 14.49998pt, for example:
(fancyhdr)                \setlength{\headheight}{14.49998pt}.
(fancyhdr)                You might also make \topmargin smaller:
(fancyhdr)                \addtolength{\topmargin}{-2.49998pt}.

[50





]


Package fancyhdr Warning: \headheight is too small (12.0pt): 
(fancyhdr)                Make it at least 14.49998pt, for example:
(fancyhdr)                \setlength{\headheight}{14.49998pt}.
(fancyhdr)                You might also make \topmargin smaller:
(fancyhdr)                \addtolength{\topmargin}{-2.49998pt}.

[51]


Package fancyhdr Warning: \headheight is too small (12.0pt): 
(fancyhdr)                Make it at least 14.49998pt, for example:
(fancyhdr)                \setlength{\headheight}{14.49998pt}.
(fancyhdr)                You might also make \topmargin smaller:
(fancyhdr)                \addtolength{\topmargin}{-2.49998pt}.

[52]


Package fancyhdr Warning: \headheight is too small (12.0pt): 
(fancyhdr)                Make it at least 14.49998pt, for example:
(fancyhdr)                \setlength{\headheight}{14.49998pt}.
(fancyhdr)                You might also make \topmargin smaller:
(fancyhdr)                \addtolength{\topmargin}{-2.49998pt}.

[53]


Package fancyhdr Warning: \headheight is too small (12.0pt): 
(fancyhdr)                Make it at least 14.49998pt, for example:
(fancyhdr)                \setlength{\headheight}{14.49998pt}.
(fancyhdr)                You might also make \topmargin smaller:
(fancyhdr)                \addtolength{\topmargin}{-2.49998pt}.

[54] (./appendixA.tex
Appendix A.

Package hyperref Warning: Token not allowed in a PDF string (Unicode):
(hyperref)                \kern 24.0pt
(hyperref)                removed on input line 1.


Package hyperref Warning: Token not allowed in a PDF string (Unicode):
(hyperref)                removing `\leavevmode@ifvmode' on input line 1.


Package hyperref Warning: Token not allowed in a PDF string (Unicode):
(hyperref)                \kern 6.0pt
(hyperref)                removed on input line 1.


Package hyperref Warning: Token not allowed in a PDF string (Unicode):
(hyperref)                removing `\uppercase' on input line 1.


Underfull \hbox (badness 1147) in paragraph at lines 54--54
[]|\OT1/txr/m/n/12 Response demon-strates com-plete com-
 []


Underfull \hbox (badness 1231) in paragraph at lines 55--55
[]|\OT1/txr/m/n/12 Response shows par-tial un-der-stand-ing;
 []


Underfull \hbox (badness 1412) in paragraph at lines 55--56
\OT1/txr/m/n/12 tails, par-tial ex-pla-na-tion, lim-ited
 []


Underfull \hbox (badness 2538) in paragraph at lines 56--56
\OT1/txr/m/n/12 or con-tains mis-con-cep-tions about the
 []


Package fancyhdr Warning: \headheight is too small (12.0pt): 
(fancyhdr)                Make it at least 14.49998pt, for example:
(fancyhdr)                \setlength{\headheight}{14.49998pt}.
(fancyhdr)                You might also make \topmargin smaller:
(fancyhdr)                \addtolength{\topmargin}{-2.49998pt}.

[55

]


Package fancyhdr Warning: \headheight is too small (12.0pt): 
(fancyhdr)                Make it at least 14.49998pt, for example:
(fancyhdr)                \setlength{\headheight}{14.49998pt}.
(fancyhdr)                You might also make \topmargin smaller:
(fancyhdr)                \addtolength{\topmargin}{-2.49998pt}.

[56]
Overfull \hbox (7.5357pt too wide) in paragraph at lines 109--109
[]\OT1/txtt/m/n/12 Evaluate the student's written answer for correctness and completeness.[] 
 []

) (./appendixB.tex


Package fancyhdr Warning: \headheight is too small (12.0pt): 
(fancyhdr)                Make it at least 14.49998pt, for example:
(fancyhdr)                \setlength{\headheight}{14.49998pt}.
(fancyhdr)                You might also make \topmargin smaller:
(fancyhdr)                \addtolength{\topmargin}{-2.49998pt}.

[57]
Appendix B.

Package hyperref Warning: Token not allowed in a PDF string (Unicode):
(hyperref)                \kern 24.0pt
(hyperref)                removed on input line 1.


Package hyperref Warning: Token not allowed in a PDF string (Unicode):
(hyperref)                removing `\leavevmode@ifvmode' on input line 1.


Package hyperref Warning: Token not allowed in a PDF string (Unicode):
(hyperref)                \kern 6.0pt
(hyperref)                removed on input line 1.


Package hyperref Warning: Token not allowed in a PDF string (Unicode):
(hyperref)                removing `\uppercase' on input line 1.


Overfull \hbox (502.35939pt too wide) detected at line 32
 []
 []


Overfull \hbox (44.84071pt too wide) in alignment at lines 31--40
 [] [] [] [] []
 []


Overfull \hbox (44.84071pt too wide) in alignment at lines 40--46
 [] [] [] [] []
 []


Overfull \hbox (44.84071pt too wide) in alignment at lines 46--50
 [] [] [] [] []
 []


Overfull \hbox (44.84071pt too wide) in alignment at lines 50--58
 [] [] [] [] []
 []


Overfull \hbox (478.17482pt too wide) detected at line 76
 []
 []


Overfull \hbox (30.5893pt too wide) in alignment at lines 75--84
 [] [] [] [] []
 []


Overfull \hbox (30.5893pt too wide) in alignment at lines 84--90
 [] [] [] [] []
 []


Overfull \hbox (30.5893pt too wide) in alignment at lines 90--94
 [] [] [] [] []
 []


Overfull \hbox (30.5893pt too wide) in alignment at lines 94--99
 [] [] [] [] []
 []




Package fancyhdr Warning: \headheight is too small (12.0pt): 
(fancyhdr)                Make it at least 14.49998pt, for example:
(fancyhdr)                \setlength{\headheight}{14.49998pt}.
(fancyhdr)                You might also make \topmargin smaller:
(fancyhdr)                \addtolength{\topmargin}{-2.49998pt}.

[58

]
<./Picture/agree.png, id=1039, 594.72188pt x 353.06906pt>
File: ./Picture/agree.png Graphic file (type png)
<use ./Picture/agree.png>
Package pdftex.def Info: ./Picture/agree.png  used on input line 104.
(pdftex.def)             Requested size: 307.83305pt x 182.75114pt.

Overfull \hbox (453.98979pt too wide) detected at line 123
 []
 []


Overfull \hbox (13.03827pt too wide) in alignment at lines 122--131
 [] [] [] []
 []


Overfull \hbox (13.03827pt too wide) in alignment at lines 131--137
 [] [] [] []
 []


Overfull \hbox (13.03827pt too wide) in alignment at lines 137--141
 [] [] [] []
 []


Overfull \hbox (13.03827pt too wide) in alignment at lines 141--149
 [] [] [] []
 []




Package fancyhdr Warning: \headheight is too small (12.0pt): 
(fancyhdr)                Make it at least 14.49998pt, for example:
(fancyhdr)                \setlength{\headheight}{14.49998pt}.
(fancyhdr)                You might also make \topmargin smaller:
(fancyhdr)                \addtolength{\topmargin}{-2.49998pt}.

[59 <./Picture/agree.png (PNG copy)>]
Overfull \hbox (5.42064pt too wide) in alignment at lines 169--178
 [] [] 
 []


Overfull \hbox (5.42064pt too wide) in alignment at lines 178--184
 [] [] 
 []


Overfull \hbox (5.42064pt too wide) in alignment at lines 184--188
 [] [] 
 []


Overfull \hbox (5.42064pt too wide) in alignment at lines 188--194
 [] [] 
 []


Overfull \hbox (502.35939pt too wide) detected at line 213
 []
 []


Overfull \hbox (48.17035pt too wide) in alignment at lines 212--221
 [] [] [] []
 []


Overfull \hbox (48.17035pt too wide) in alignment at lines 221--227
 [] [] [] []
 []


Overfull \hbox (48.17035pt too wide) in alignment at lines 227--231
 [] [] [] []
 []


Overfull \hbox (48.17035pt too wide) in alignment at lines 231--238
 [] [] [] []
 []

)


Package fancyhdr Warning: \headheight is too small (12.0pt): 
(fancyhdr)                Make it at least 14.49998pt, for example:
(fancyhdr)                \setlength{\headheight}{14.49998pt}.
(fancyhdr)                You might also make \topmargin smaller:
(fancyhdr)                \addtolength{\topmargin}{-2.49998pt}.

[60]
Overfull \hbox (12.72063pt too wide) in paragraph at lines 480--483
[]\OT1/txr/m/n/12 Aueawatthanaphisut, A. & Tri-rat-tana-nu-rak, C. (2025). CoachGPT-TH: Fea-si-ble Thai-language,
 []


Package caption Warning: Unused \captionsetup[subfigure] on input line 128.
See the caption package documentation for explanation.




Package fancyhdr Warning: \headheight is too small (12.0pt): 
(fancyhdr)                Make it at least 14.49998pt, for example:
(fancyhdr)                \setlength{\headheight}{14.49998pt}.
(fancyhdr)                You might also make \topmargin smaller:
(fancyhdr)                \addtolength{\topmargin}{-2.49998pt}.

[61

]


Package fancyhdr Warning: \headheight is too small (12.0pt): 
(fancyhdr)                Make it at least 14.49998pt, for example:
(fancyhdr)                \setlength{\headheight}{14.49998pt}.
(fancyhdr)                You might also make \topmargin smaller:
(fancyhdr)                \addtolength{\topmargin}{-2.49998pt}.

[62

] (./thesis_siit_template_250213.aux (./chapter_01.aux) (./chapter_02.aux) (./chapter_03.aux) (./chapter_04.aux) (./chapter_05.aux))
 ***********
LaTeX2e <2025-06-01> patch level 1
L3 programming layer <2025-10-24>
 ***********
Package rerunfilecheck Info: File `thesis_siit_template_250213.out' has not changed.
(rerunfilecheck)             Checksum: 5F208772C1C504BDE2AC79194CDB9B6C;10660.
Package logreq Info: Writing requests to 'thesis_siit_template_250213.run.xml'.
\openout1 = `thesis_siit_template_250213.run.xml'.

 ) 
Here is how much of TeX's memory you used:
 48835 strings out of 467747
 1089988 string characters out of 5426947
 2203706 words of memory out of 5000000
 76442 multiletter control sequences out of 15000+600000
 655199 words of font info for 103 fonts, out of 8000000 for 9000
 1141 hyphenation exceptions out of 8191
 106i,13n,106p,1235b,5050s stack positions out of 10000i,1000n,20000p,200000b,200000s
</usr/local/texlive/2025/texmf-dist/fonts/type1/public/txfonts/rtcxr.pfb></usr/local/texlive/2025/texmf-dist/fonts/type1/public/txfonts/rtxb.pfb></usr/local/texlive/2025/texmf-dist/fonts/type1/public/txfonts/rtxi.pfb></usr/local/texlive/2025/texmf-dist/fonts/type1/public/txfonts/rtxmi.pfb></usr/local/texlive/2025/texmf-dist/fonts/type1/public/txfonts/rtxr.pfb></usr/local/texlive/2025/texmf-dist/fonts/type1/public/txfonts/txex.pfb></usr/local/texlive/2025/texmf-dist/fonts/type1/public/txfonts/txsy.pfb></usr/local/texlive/2025/texmf-dist/fonts/type1/public/txfonts/txtt.pfb></usr/local/texlive/2025/texmf-dist/fonts/type1/urw/times/utmb8a.pfb></usr/local/texlive/2025/texmf-dist/fonts/type1/urw/times/utmr8a.pfb></usr/local/texlive/2025/texmf-dist/fonts/type1/urw/times/utmri8a.pfb>
Output written on thesis_siit_template_250213.pdf (76 pages, 2729085 bytes).
PDF statistics:
 1173 PDF objects out of 1200 (max. 8388607)
 955 compressed objects within 10 object streams
 274 named destinations out of 1000 (max. 500000)
 506 words of extra memory for PDF output out of 10000 (max. 10000000)

